,name,cr,type,size,ac,hp,speed,align,source,int,wis,cha,str,dex,con,legendary
0,aarakocra,1/4,humanoid (aarakocra),Medium,12,13,fly,neutral good,Monster Manual (BR),11,12,11,10,14,10,Not legendary
1,abjurer,9,humanoid (any race),Medium,12,84,-,any alignment,Volo's Guide to Monsters,18,12,11,9,14,14,Not legendary
2,aboleth,10,aberration,Large,17,135,swim,lawful evil,Monster Manual (SRD),18,15,18,21,9,15,Legendary
3,abominable-yeti,9,monstrosity,Huge,15,137,-,chaotic evil,Monster Manual,9,13,9,24,10,22,Not legendary
4,acererak,23,undead,Medium,21,285,-,neutral evil,Adventures (Tomb of Annihilation),27,21,20,13,16,20,Not legendary
5,acolyte,1/4,humanoid (any race),Medium,10,9,-,any alignment,Monster Manual (SRD),10,14,11,10,10,10,Not legendary
6,adult-black-dragon,14,dragon,Huge,19,195,"fly, swim",chaotic evil,Monster Manual (SRD),14,13,17,23,14,21,Legendary
7,adult-blue-dracolich,17,undead,Huge,19,225,fly,lawful evil,Monster Manual,16,15,19,25,10,23,Legendary
8,adult-blue-dragon,16,dragon,Huge,19,225,fly,lawful evil,Monster Manual (SRD),16,15,19,25,10,23,Legendary
9,adult-brass-dragon,13,dragon,Huge,18,172,fly,chaotic good,Monster Manual (SRD),14,13,17,23,10,21,Legendary
10,adult-bronze-dragon,15,dragon,Huge,19,212,"fly, swim",lawful good,Monster Manual (SRD),16,15,19,25,10,23,Legendary
11,adult-copper-dragon,14,dragon,Huge,18,184,fly,chaotic good,Monster Manual (SRD),18,15,17,23,12,21,Legendary
12,adult-gold-dragon,17,dragon,Huge,19,256,"fly, swim",lawful good,Monster Manual (SRD),16,15,24,27,14,25,Legendary
13,adult-green-dragon,15,dragon,Huge,19,207,"fly, swim",lawful evil,Monster Manual (SRD),18,15,17,23,12,21,Legendary
14,adult-kruthik,2,monstrosity,Medium,18,39,-,unaligned,Mordenkainen's Tome of Foes,7,12,8,15,16,15,Not legendary
15,adult-oblex,5,ooze,Medium,14,75,-,lawful evil,Mordenkainen's Tome of Foes,19,12,15,8,19,16,Not legendary
16,adult-red-dragon,17,dragon,Huge,19,256,fly,chaotic evil,Monster Manual (SRD),16,13,21,27,10,25,Legendary
17,adult-silver-dragon,16,dragon,Huge,19,243,fly,lawful good,Monster Manual (SRD),16,13,21,27,10,25,Legendary
18,adult-white-dragon,13,dragon,Huge,18,200,"fly, swim",chaotic evil,Monster Manual (SRD),8,12,12,22,10,22,Legendary
19,air-elemental,5,elemental,Large,15,90,fly,neutral,Monster Manual (SRD),6,10,6,14,20,14,Not legendary
20,air-elemental-myrmidon,7,elemental,Medium,18,117,fly,neutral,Mordenkainen's Tome of Foes,9,10,10,18,14,14,Not legendary
21,albino-dwarf-warrior,1/4,humanoid (dwarf),Medium,13,30,-,any alignment,Adventures (Tomb of Annihilation),12,14,11,13,13,17,Not legendary
22,aldani,1,monstrosity,Medium,0,0,swim,lawful neutral,Adventures (Tomb of Annihilation),10,14,10,13,8,12,Not legendary
23,alhoon,10,undead,Medium,15,120,-,any evil alignment,Volo's Guide to Monsters,19,17,17,11,12,16,Not legendary
24,alkilith,11,fiend (demon),Medium,17,157,-,chaotic evil,Mordenkainen's Tome of Foes,6,11,7,12,19,22,Not legendary
25,allip,5,undead,Medium,13,40,fly,neutral evil,Mordenkainen's Tome of Foes,17,15,16,6,17,10,Not legendary
26,allosaurus,2,beast,Large,13,51,-,unaligned,Monster Manual (SRD),2,12,5,19,13,17,Not legendary
27,ambush-drake,1/2,dragon,Medium,13,22,-,unaligned,Adventures (Tyranny of Dragons),4,11,6,13,15,14,Not legendary
28,amnizu,18,fiend (devil),Medium,21,202,fly,lawful evil,Mordenkainen's Tome of Foes,20,12,18,11,13,16,Not legendary
29,ancient-black-dragon,21,dragon,Gargantuan,22,367,"fly, swim",chaotic evil,Monster Manual (SRD),16,15,19,27,14,25,Legendary
30,ancient-blue-dragon,23,dragon,Gargantuan,22,481,fly,lawful evil,Monster Manual (SRD),18,17,21,29,10,27,Legendary
31,ancient-brass-dragon,20,dragon,Gargantuan,20,297,fly,chaotic good,Monster Manual (SRD),16,15,19,27,10,25,Legendary
32,ancient-bronze-dragon,22,dragon,Gargantuan,22,444,"fly, swim",lawful good,Monster Manual (SRD),18,17,21,29,10,27,Legendary
33,ancient-copper-dragon,21,dragon,Gargantuan,21,350,fly,chaotic good,Monster Manual (SRD),20,17,19,27,12,25,Legendary
34,ancient-gold-dragon,24,dragon,Gargantuan,22,546,"fly, swim",lawful good,Monster Manual (SRD),18,17,28,30,14,29,Legendary
35,ancient-green-dragon,22,dragon,Gargantuan,21,385,"fly, swim",lawful evil,Monster Manual (SRD),20,17,19,27,12,25,Legendary
36,ancient-red-dragon,24,dragon,Gargantuan,22,546,fly,chaotic evil,Monster Manual (SRD),18,15,23,30,10,29,Legendary
37,ancient-shadow,1,undead,Medium,13,32,-,chaotic evil,Extra (AideDD),6,10,8,6,16,14,Not legendary
38,ancient-silver-dragon,23,dragon,Gargantuan,22,487,fly,lawful good,Monster Manual (SRD),18,15,23,30,10,29,Legendary
39,ancient-white-dragon,20,dragon,Gargantuan,20,333,"fly, swim",chaotic evil,Monster Manual (SRD),10,13,14,26,10,26,Legendary
40,androsphinx,17,monstrosity,Large,17,199,fly,lawful neutral,Monster Manual (SRD),16,18,23,22,10,20,Legendary
41,animated-armor,1,construct,Medium,18,33,-,unaligned,Monster Manual (SRD),1,3,1,14,11,13,Not legendary
42,ankheg,2,monstrosity,Large,14,39,-,unaligned,Monster Manual (SRD),1,13,6,17,11,13,Not legendary
43,ankylosaurus,3,beast,Huge,15,68,-,unaligned,Monster Manual (SRD),2,12,5,19,11,15,Not legendary
44,annis-hag,6,fey,Large,17,75,-,chaotic evil,Volo's Guide to Monsters,13,14,15,21,12,14,Not legendary
45,ape,1/2,beast,Medium,12,19,-,unaligned,Monster Manual (SRD),6,12,7,16,14,14,Not legendary
46,apprentice-wizard,1/4,humanoid (any race),Medium,10,9,-,any alignment,Volo's Guide to Monsters,14,10,11,10,10,10,Not legendary
47,arcanaloth,12,fiend (yugoloth),Medium,17,104,fly,neutral evil,Monster Manual,20,16,17,17,12,14,Not legendary
48,archdruid,12,humanoid (any race),Medium,16,132,-,any alignment,Volo's Guide to Monsters,12,20,11,10,14,12,Not legendary
49,archer,3,humanoid (any race),Medium,16,75,-,any alignment,Volo's Guide to Monsters,11,13,10,11,18,16,Not legendary
50,archmage,12,humanoid (any race),Medium,12,99,-,any alignment,Monster Manual (SRD),20,15,16,10,14,12,Not legendary
51,armanite,7,fiend (demon),Large,16,84,-,chaotic evil,Mordenkainen's Tome of Foes,8,12,13,21,18,21,Not legendary
52,assassin,8,humanoid (any race),Medium,15,78,-,any non-good alignment,Monster Manual (SRD),13,11,10,11,16,14,Not legendary
53,assassin-vine,3,plant,Large,13,85,-,unaligned,Adventures (Tomb of Annihilation),1,10,1,18,10,16,Not legendary
54,astral-dreadnought,21,monstrosity (titan),Gargantuan,20,297,fly,unaligned,Mordenkainen's Tome of Foes,5,14,18,28,7,25,Legendary
55,atropal,13,undead (titan),Huge,7,225,fly,neutral evil,Adventures (Tomb of Annihilation),25,19,24,19,5,22,Not legendary
56,aurochs,2,beast,Large,11,38,-,unaligned,Volo's Guide to Monsters,2,12,5,20,10,19,Not legendary
57,autumn-eladrin,10,fey (elf),Medium,19,127,-,chaotic neutral,Mordenkainen's Tome of Foes,14,17,18,12,16,16,Not legendary
58,awakened-shrub,0,plant,Small,9,10,-,unaligned,Monster Manual (SRD),10,10,6,3,8,11,Not legendary
59,awakened-tree,2,plant,Huge,13,59,-,unaligned,Monster Manual (SRD),10,10,7,19,6,15,Not legendary
60,axe-beak,1/4,beast,Large,11,19,-,unaligned,Monster Manual (SRD),2,10,5,14,12,12,Not legendary
61,azer,2,elemental,Medium,17,39,-,lawful neutral,Monster Manual (SRD),12,13,10,17,12,15,Not legendary
62,babau,4,fiend (demon),Medium,16,82,-,chaotic evil,Volo's Guide to Monsters,11,12,13,19,16,16,Not legendary
63,baboon,0,beast,Small,12,3,-,unaligned,Monster Manual (SRD),4,12,6,8,14,11,Not legendary
64,badger,0,beast,Tiny,10,3,-,unaligned,Monster Manual (SRD),2,12,5,4,11,12,Not legendary
65,bael,19,fiend (devil),Large,18,189,-,lawful evil,Mordenkainen's Tome of Foes,21,24,24,24,17,20,Not legendary
66,balhannoth,11,aberration,Large,17,114,-,chaotic evil,Mordenkainen's Tome of Foes,6,15,8,17,8,18,Not legendary
67,balor,19,fiend (demon),Huge,19,262,fly,chaotic evil,Monster Manual (SRD),20,16,22,26,15,22,Not legendary
68,banderhobb,5,monstrosity,Large,15,84,-,neutral evil,Volo's Guide to Monsters,11,14,8,20,12,20,Not legendary
69,bandit,1/8,humanoid (any race),Medium,12,11,-,any non-lawful alignment,Monster Manual (SRD),10,10,10,11,12,12,Not legendary
70,bandit-captain,2,humanoid (any race),Medium,15,65,-,any non-lawful alignment,Monster Manual (SRD),14,11,14,15,16,14,Not legendary
71,banshee,4,undead,Medium,12,58,fly,chaotic evil,Monster Manual (SRD),12,11,17,1,14,10,Not legendary
72,baphomet,23,fiend (demon),Huge,22,275,-,chaotic evil,Mordenkainen's Tome of Foes,18,24,16,30,14,26,Not legendary
73,barbed-devil,5,fiend (devil),Medium,15,110,-,lawful evil,Monster Manual (SRD),12,14,14,16,17,18,Not legendary
74,bard,2,humanoid (any race),Medium,15,44,-,any alignment,Volo's Guide to Monsters,10,13,14,11,14,12,Not legendary
75,barghest,4,fiend (shapechanger),Large,17,90,-,neutral evil,Volo's Guide to Monsters,13,12,14,19,15,14,Not legendary
76,barlgura,5,fiend (demon),Large,15,68,-,chaotic evil,Monster Manual (BR),7,14,9,18,15,16,Not legendary
77,basilisk,3,monstrosity,Medium,15,52,-,unaligned,Monster Manual (SRD),2,8,7,16,8,15,Not legendary
78,bat,0,beast,Tiny,12,1,fly,unaligned,Monster Manual (SRD),2,12,4,2,15,8,Not legendary
79,bearded-devil,3,fiend (devil),Medium,13,52,-,lawful evil,Monster Manual (SRD),9,11,11,16,15,15,Not legendary
80,behir,11,monstrosity,Huge,17,168,-,neutral evil,Monster Manual (SRD),7,14,12,23,16,18,Not legendary
81,beholder,13,aberration,Large,18,180,fly,lawful evil,Monster Manual,17,15,17,10,14,18,Legendary
82,beholder-zombie,5,undead,Large,15,93,fly,neutral evil,Monster Manual,3,8,5,10,8,16,Not legendary
83,belaphoss,20,fiend (demon),Huge,19,262,fly,chaotic evil,Extra (Dragon Mag),20,16,22,26,15,22,Not legendary
84,berbalang,2,aberration,Medium,14,38,fly,neutral evil,Mordenkainen's Tome of Foes,17,11,10,9,16,9,Not legendary
85,berserker,2,humanoid (any race),Medium,13,67,-,any chaotic alignment,Monster Manual (SRD),9,11,9,16,12,17,Not legendary
86,bheur-hag,7,fey,Medium,17,91,-,chaotic evil,Volo's Guide to Monsters,12,13,16,13,16,14,Not legendary
87,black-abishai,7,fiend (devil),Medium,15,58,fly,lawful evil,Mordenkainen's Tome of Foes,13,16,11,14,17,14,Not legendary
88,black-bear,1/2,beast,Medium,11,19,-,unaligned,Monster Manual (SRD),2,12,7,15,10,14,Not legendary
89,black-dragon-wyrmling,2,dragon,Medium,17,33,"fly, swim",chaotic evil,Monster Manual (SRD),10,11,13,15,14,13,Not legendary
90,black-gauntlet-of-bane,6,humanoid (human),Medium,16,51,-,lawful evil,Adventures (Descent into Avernus),12,15,18,18,11,18,Not legendary
91,black-pudding,4,ooze,Large,7,85,-,unaligned,Monster Manual (SRD),1,6,1,16,5,16,Not legendary
92,blackguard,8,humanoid (any race),Medium,18,153,-,any non-good alignment,Volo's Guide to Monsters,11,14,15,18,11,18,Not legendary
93,blink-dog,1/4,fey,Medium,13,22,-,lawful good,Monster Manual (SRD),10,13,11,12,17,12,Not legendary
94,blood-hawk,1/8,beast,Small,12,7,fly,unaligned,Monster Manual (SRD),3,14,5,6,14,10,Not legendary
95,blue-abishai,17,fiend (devil),Medium,19,195,fly,lawful evil,Mordenkainen's Tome of Foes,22,23,18,15,14,17,Not legendary
96,blue-dragon-wyrmling,3,dragon,Medium,17,52,fly,lawful evil,Monster Manual (SRD),12,11,15,17,10,15,Not legendary
97,blue-slaad,7,aberration,Large,15,123,-,chaotic neutral,Monster Manual,7,7,9,20,15,18,Not legendary
98,boar,1/4,beast,Medium,11,11,-,unaligned,Monster Manual (SRD),2,9,5,13,11,12,Not legendary
99,bodak,6,undead,Medium,15,58,-,chaotic evil,Volo's Guide to Monsters,7,12,12,15,16,15,Not legendary
100,boggle,1/8,fey,Small,14,18,-,chaotic neutral,Volo's Guide to Monsters,6,12,7,8,18,13,Not legendary
101,bone-devil,9,fiend (devil),Large,19,142,fly,lawful evil,Monster Manual (SRD),13,14,16,18,16,18,Not legendary
102,bone-naga,4,undead,Large,15,58,-,lawful evil,Monster Manual,15,15,16,15,16,12,Not legendary
103,boneclaw,12,undead,Large,16,127,-,chaotic evil,Mordenkainen's Tome of Foes,13,15,9,19,16,15,Not legendary
104,brass-dragon-wyrmling,1,dragon,Medium,16,16,fly,chaotic good,Monster Manual (SRD),10,11,13,15,10,13,Not legendary
105,brontosaurus,5,beast,Gargantuan,15,121,-,unaligned,Adventures (Tomb of Annihilation),2,10,7,21,9,17,Not legendary
106,bronze-dragon-wyrmling,2,dragon,Medium,17,32,"fly, swim",lawful good,Monster Manual (SRD),12,11,15,17,10,15,Not legendary
107,brown-bear,1,beast,Large,11,34,-,unaligned,Monster Manual (SRD),2,13,7,19,10,16,Not legendary
108,bugbear,1,humanoid (goblinoid),Medium,16,27,-,chaotic evil,Monster Manual (SRD),8,11,9,15,14,13,Not legendary
109,bugbear-chief,3,humanoid (goblinoid),Medium,17,65,-,chaotic evil,Monster Manual,11,12,11,17,14,14,Not legendary
110,bulette,5,monstrosity,Large,17,94,-,unaligned,Monster Manual (SRD),2,10,5,19,11,21,Not legendary
111,bulezau,3,fiend (demon),Medium,14,52,-,chaotic evil,Mordenkainen's Tome of Foes,8,9,6,15,14,17,Not legendary
112,bullywug,1/4,humanoid (bullywug),Medium,15,11,swim,neutral evil,Monster Manual (BR),7,10,7,12,12,13,Not legendary
113,cadaver-collector,14,construct,Large,17,189,-,lawful evil,Mordenkainen's Tome of Foes,5,11,8,21,14,20,Not legendary
114,cambion,5,fiend,Medium,19,82,fly,any evil alignment,Monster Manual,14,12,16,18,18,16,Not legendary
115,camel,1/8,beast,Large,9,15,-,unaligned,Monster Manual (SRD),2,8,5,16,8,14,Not legendary
116,canoloth,8,fiend (yugoloth),Medium,16,120,-,neutral evil,Mordenkainen's Tome of Foes,5,17,12,18,10,17,Not legendary
117,carrion-crawler,2,monstrosity,Large,13,51,-,unaligned,Monster Manual,1,12,5,14,13,16,Not legendary
118,cat,0,beast,Tiny,12,2,-,unaligned,Monster Manual (SRD),3,12,7,3,15,10,Not legendary
119,catoblepas,5,monstrosity,Large,14,84,-,unaligned,Volo's Guide to Monsters,3,14,8,19,12,21,Not legendary
120,cave-fisher,3,monstrosity,Medium,16,58,-,unaligned,Volo's Guide to Monsters,3,10,3,16,13,14,Not legendary
121,centaur,2,monstrosity,Large,12,45,-,neutral good,Monster Manual (SRD),9,13,11,18,14,14,Not legendary
122,chain-devil,8,fiend (devil),Medium,16,85,-,lawful evil,Monster Manual (SRD),11,12,14,18,15,18,Not legendary
123,champion,9,humanoid (any race),Medium,18,143,-,any alignment,Volo's Guide to Monsters,10,14,12,20,15,14,Not legendary
124,chasme,6,fiend (demon),Large,15,84,fly,chaotic evil,Monster Manual,11,14,10,15,15,12,Not legendary
125,chimera,6,monstrosity,Large,14,114,fly,chaotic evil,Monster Manual (SRD),3,14,10,19,11,19,Not legendary
126,chitine,1/2,monstrosity,Small,14,18,-,chaotic evil,Volo's Guide to Monsters,10,10,7,10,14,12,Not legendary
127,choker,1,aberration,Small,16,13,-,chaotic evil,Mordenkainen's Tome of Foes,4,12,7,16,14,13,Not legendary
128,choldrith,3,monstrosity,Medium,15,66,-,chaotic evil,Volo's Guide to Monsters,11,14,10,12,16,12,Not legendary
129,chuul,4,aberration,Large,16,93,swim,chaotic evil,Monster Manual (SRD),5,11,5,19,10,16,Not legendary
130,clay-golem,9,construct,Large,14,133,-,unaligned,Monster Manual (SRD),3,8,1,20,9,18,Not legendary
131,cloaker,8,aberration,Large,14,78,fly,chaotic neutral,Monster Manual (SRD),13,12,14,17,15,12,Not legendary
132,cloud-giant,9,giant,Huge,14,200,-,neutral good,Monster Manual (SRD),12,16,16,27,10,22,Not legendary
133,cloud-giant-smiling-one,11,giant (cloud giant),Huge,15,262,-,chaotic neutral,Volo's Guide to Monsters,15,16,17,26,12,22,Not legendary
134,cockatrice,1/2,monstrosity,Small,11,27,fly,unaligned,Monster Manual (SRD),2,13,5,6,12,12,Not legendary
135,commoner,0,humanoid (any race),Medium,10,4,-,any alignment,Monster Manual (SRD),10,10,10,10,10,10,Not legendary
136,conjurer,6,humanoid (any race),Medium,12,40,-,any alignment,Volo's Guide to Monsters,17,12,11,9,14,11,Not legendary
137,constrictor-snake,1/4,beast,Large,12,13,swim,unaligned,Monster Manual (SRD),1,10,3,15,14,12,Not legendary
138,copper-dragon-wyrmling,1,dragon,Medium,16,22,fly,chaotic good,Monster Manual (SRD),14,11,13,15,12,13,Not legendary
139,corpse-flower,8,plant,Large,12,127,-,chaotic evil,Mordenkainen's Tome of Foes,7,15,3,14,14,16,Not legendary
140,couatl,4,celestial,Medium,19,97,fly,lawful good,Monster Manual (SRD),18,20,18,16,20,17,Not legendary
141,cow,1/4,beast,Large,10,15,-,unaligned,Volo's Guide to Monsters,2,10,4,18,10,14,Not legendary
142,crab,0,beast,Tiny,11,2,swim,unaligned,Monster Manual (SRD),1,8,2,2,11,10,Not legendary
143,crag-cat,1,beast,Large,13,34,-,unaligned,Adventures (Storm King's Thunder),4,14,8,16,17,16,Not legendary
144,cranium-rat,0,beast,Tiny,12,2,-,lawful evil,Volo's Guide to Monsters,4,11,8,2,14,10,Not legendary
145,crawling-claw,0,undead,Tiny,12,2,-,neutral evil,Monster Manual (BR),5,10,4,13,14,11,Not legendary
146,crocodile,1/2,beast,Large,12,19,swim,unaligned,Monster Manual (SRD),2,10,5,15,10,13,Not legendary
147,crokek-toeck,14,fiend (demon),Gargantuan,15,297,swim,chaotic evil,Adventures (Descent into Avernus),6,10,13,28,10,24,Not legendary
148,cult-fanatic,2,humanoid (any race),Medium,13,33,-,any non-good alignment,Monster Manual (SRD),10,13,14,11,14,12,Not legendary
149,cultist,1/8,humanoid (any race),Medium,12,9,-,any non-good alignment,Monster Manual (SRD),10,11,10,11,12,10,Not legendary
150,cyclops,6,giant,Huge,14,138,-,chaotic neutral,Monster Manual (SRD),8,6,10,22,11,20,Not legendary
151,dao,11,elemental,Large,18,187,fly,neutral evil,Monster Manual (BR),12,13,14,23,12,24,Not legendary
152,darkling,1/2,fey,Small,14,13,-,chaotic neutral,Volo's Guide to Monsters,10,12,10,9,16,12,Not legendary
153,darkling-elder,2,fey,Medium,15,27,-,chaotic neutral,Volo's Guide to Monsters,10,14,13,13,17,12,Not legendary
154,darkmantle,1/2,monstrosity,Small,11,22,fly,unaligned,Monster Manual (SRD),2,10,5,16,12,13,Not legendary
155,death-dog,1,monstrosity,Medium,12,39,-,neutral evil,Monster Manual (SRD),3,13,6,15,14,14,Not legendary
156,death-kiss,10,aberration,Large,16,161,fly,neutral evil,Volo's Guide to Monsters,10,12,10,18,14,18,Not legendary
157,death-knight,17,undead,Medium,20,180,-,chaotic evil,Monster Manual,12,16,18,20,11,20,Not legendary
158,death-slaad,10,aberration (shapechanger),Medium,18,170,-,chaotic evil,Monster Manual,15,10,16,20,15,19,Not legendary
159,death-tyrant,14,undead,Large,19,187,fly,lawful evil,Monster Manual,19,15,19,10,14,14,Legendary
160,death-s-head-of-bhaal,5,humanoid (human),Medium,15,76,-,chaotic evil,Adventures (Descent into Avernus),14,13,16,20,20,20,Not legendary
161,deathlock,4,undead,Medium,12,36,-,neutral evil,Mordenkainen's Tome of Foes,14,12,16,11,15,10,Not legendary
162,deathlock-mastermind,8,undead,Medium,13,110,-,neutral evil,Mordenkainen's Tome of Foes,15,12,17,11,16,12,Not legendary
163,deathlock-wight,3,undead,Medium,12,37,-,neutral evil,Mordenkainen's Tome of Foes,12,14,16,11,14,16,Not legendary
164,deep-gnome-svirfneblin,1/2,humanoid (gnome),Small,15,16,-,neutral good,Monster Manual (SRD),12,10,9,15,14,14,Not legendary
165,deep-scion,3,humanoid (shapechanger),Medium,11,67,swim,neutral evil,Volo's Guide to Monsters,10,12,14,18,13,16,Not legendary
166,deer,0,beast,Medium,13,4,-,unaligned,Monster Manual (SRD),2,14,5,11,16,11,Not legendary
167,deinonychus,1,beast,Medium,13,26,-,unaligned,Adventures (Tomb of Annihilation),4,12,6,15,15,14,Not legendary
168,demilich,18,undead,Tiny,20,80,fly,neutral evil,Monster Manual,20,17,20,1,20,10,Legendary
169,demogorgon,26,fiend (demon),Huge,22,406,swim,chaotic evil,Mordenkainen's Tome of Foes,20,17,25,29,14,26,Not legendary
170,derro,1/4,humanoid (derro),Small,13,13,-,chaotic evil,Mordenkainen's Tome of Foes,11,5,9,10,14,12,Not legendary
171,derro-savant,3,humanoid (derro),Small,13,36,-,chaotic evil,Mordenkainen's Tome of Foes,11,5,14,9,14,12,Not legendary
172,deva,10,celestial,Medium,17,136,fly,lawful good,Monster Manual (SRD),17,20,20,18,18,18,Not legendary
173,devilroot,7,plant,Medium,15,105,-,neutral evil,Extra (AideDD),12,14,14,17,11,17,Not legendary
174,devourer,13,fiend,Large,16,178,-,chaotic evil,Volo's Guide to Monsters,13,10,16,20,12,20,Not legendary
175,dhergoloth,7,fiend (yugoloth),Medium,15,119,-,neutral evil,Mordenkainen's Tome of Foes,7,10,9,17,10,19,Not legendary
176,dimetrodon,1/4,beast,Medium,12,19,swim,unaligned,Adventures (Tomb of Annihilation),2,10,5,14,10,15,Not legendary
177,dire-troll,13,giant,Huge,15,172,-,chaotic evil,Mordenkainen's Tome of Foes,9,11,5,22,15,21,Not legendary
178,dire-wolf,1,beast,Large,14,37,-,unaligned,Monster Manual (SRD),3,12,7,17,15,15,Not legendary
179,displacer-beast,3,monstrosity,Large,13,85,-,lawful evil,Monster Manual,6,12,8,18,15,16,Not legendary
180,diviner,8,humanoid (any race),Medium,12,67,-,any alignment,Volo's Guide to Monsters,18,12,11,9,14,11,Not legendary
181,djinni,11,elemental,Large,17,161,fly,chaotic good,Monster Manual (SRD),15,16,20,21,15,22,Not legendary
182,dolphin,1/8,beast,Medium,12,11,swim,unaligned,Volo's Guide to Monsters,6,12,7,14,13,13,Not legendary
183,doppelganger,3,monstrosity (shapechanger),Medium,14,52,-,neutral,Monster Manual (SRD),11,12,14,11,18,14,Not legendary
184,draegloth,7,fiend (demon),Large,15,123,-,chaotic evil,Volo's Guide to Monsters,13,11,11,20,15,18,Not legendary
185,draft-horse,1/4,beast,Large,10,19,-,unaligned,Monster Manual (SRD),2,11,7,18,10,12,Not legendary
186,dragon-turtle,17,dragon,Gargantuan,20,341,swim,neutral,Monster Manual (SRD),10,12,12,25,10,20,Not legendary
187,dragonbait,5,humanoid (saurial),Medium,17,120,-,lawful good,Adventures (Tomb of Annihilation),14,16,18,15,13,17,Not legendary
188,dretch,1/4,fiend (demon),Small,11,18,-,chaotic evil,Monster Manual (SRD),5,8,3,11,11,12,Not legendary
189,drider,6,monstrosity,Large,19,123,-,chaotic evil,Monster Manual (SRD),13,14,12,16,16,18,Not legendary
190,drow,1/4,humanoid (elf),Medium,15,13,-,neutral evil,Monster Manual (SRD),11,11,12,10,14,10,Not legendary
191,drow-arachnomancer,13,humanoid (elf),Medium,15,162,-,chaotic evil,Mordenkainen's Tome of Foes,19,14,16,11,17,14,Not legendary
192,drow-elite-warrior,5,humanoid (elf),Medium,18,71,-,neutral evil,Monster Manual,11,13,12,13,18,14,Not legendary
193,drow-favored-consort,18,humanoid (elf),Medium,15,225,-,neutral evil,Mordenkainen's Tome of Foes,18,15,18,15,20,16,Not legendary
194,drow-house-captain,9,humanoid (elf),Medium,16,162,-,neutral evil,Mordenkainen's Tome of Foes,12,14,13,14,19,15,Not legendary
195,drow-inquisitor,14,humanoid (elf),Medium,16,143,-,neutral evil,Mordenkainen's Tome of Foes,16,21,20,11,15,14,Not legendary
196,drow-mage,7,humanoid (elf),Medium,12,45,-,neutral evil,Monster Manual (BR),17,13,12,9,14,10,Not legendary
197,drow-matron-mother,20,humanoid (elf),Medium,17,262,-,neutral evil,Mordenkainen's Tome of Foes,17,21,22,12,18,16,Not legendary
198,drow-priestress-of-lolth,8,humanoid (elf),Medium,16,71,-,neutral evil,Monster Manual,13,17,18,10,14,12,Not legendary
199,drow-shadowblade,11,humanoid (elf),Medium,17,150,-,neutral evil,Mordenkainen's Tome of Foes,12,14,13,14,21,16,Not legendary
200,druid,2,humanoid (any race),Medium,11,27,-,any alignment,Monster Manual (SRD),12,15,11,10,12,13,Not legendary
201,dryad,1,fey,Medium,11,22,-,neutral,Monster Manual (SRD),14,15,18,10,12,11,Not legendary
202,duergar,1,humanoid (dwarf),Medium,16,26,-,lawful evil,Monster Manual (SRD),11,10,9,14,11,14,Not legendary
203,duergar-despot,12,humanoid (dwarf),Medium,21,119,-,lawful evil,Mordenkainen's Tome of Foes,15,14,13,20,5,19,Not legendary
204,duergar-kavalrachni,2,humanoid (dwarf),Medium,16,26,-,lawful evil,Mordenkainen's Tome of Foes,11,10,9,14,11,14,Not legendary
205,duergar-mind-master,2,humanoid (dwarf),Medium,14,39,-,lawful evil,Mordenkainen's Tome of Foes,15,10,12,11,17,14,Not legendary
206,duergar-soulblade,1,humanoid (dwarf),Medium,14,18,-,lawful evil,Mordenkainen's Tome of Foes,11,10,12,11,16,10,Not legendary
207,duergar-stone-guard,2,humanoid (dwarf),Medium,18,39,-,lawful evil,Mordenkainen's Tome of Foes,11,10,9,18,11,14,Not legendary
208,duergar-warlord,6,humanoid (dwarf),Medium,20,75,-,lawful evil,Mordenkainen's Tome of Foes,12,12,14,18,11,17,Not legendary
209,duergar-xarrorn,2,humanoid (dwarf),Medium,18,26,-,lawful evil,Mordenkainen's Tome of Foes,11,10,9,16,11,14,Not legendary
210,duodrone,1/4,construct,Medium,15,11,-,lawful neutral,Monster Manual,6,10,7,11,13,12,Not legendary
211,dust-mephit,1/2,elemental,Small,12,17,fly,neutral evil,Monster Manual (SRD),9,11,10,5,14,10,Not legendary
212,dybbuk,4,fiend (demon),Medium,14,37,fly,chaotic evil,Mordenkainen's Tome of Foes,16,15,14,6,19,16,Not legendary
213,eagle,0,beast,Small,12,3,fly,unaligned,Monster Manual (SRD),2,14,7,6,15,10,Not legendary
214,earth-elemental,5,elemental,Large,17,126,-,neutral,Monster Manual (SRD),5,10,5,20,8,20,Not legendary
215,earth-elemental-myrmidon,7,elemental,Medium,18,127,-,neutral,Mordenkainen's Tome of Foes,8,10,10,18,10,17,Not legendary
216,eblis,1,monstrosity,Large,13,26,fly,neutral evil,Adventures (Tomb of Annihilation),12,14,11,11,16,12,Not legendary
217,efreeti,11,elemental,Large,17,200,fly,lawful evil,Monster Manual (SRD),16,15,16,22,12,24,Not legendary
218,eidolon,12,undead,Medium,9,63,fly,any alignment,Mordenkainen's Tome of Foes,14,19,16,7,8,9,Not legendary
219,elder-brain,14,aberration,Large,10,210,swim,lawful evil,Volo's Guide to Monsters,21,19,24,15,10,20,Legendary
220,elder-oblex,10,ooze,Huge,16,115,-,lawful evil,Mordenkainen's Tome of Foes,22,13,18,15,16,21,Not legendary
221,elder-tempest,23,elemental,Gargantuan,19,264,fly,neutral,Mordenkainen's Tome of Foes,2,21,18,23,28,23,Not legendary
222,elephant,4,beast,Huge,12,76,-,unaligned,Monster Manual (SRD),3,11,6,22,9,17,Not legendary
223,elk,1/4,beast,Large,10,13,-,unaligned,Monster Manual (SRD),2,10,6,16,10,12,Not legendary
224,empyrean,23,celestial (titan),Huge,22,313,"fly, swim",chaotic good,Monster Manual,21,22,27,30,21,30,Legendary
225,enchanter,5,humanoid (any race),Medium,12,40,-,any alignment,Volo's Guide to Monsters,17,12,11,9,14,11,Not legendary
226,erinyes,12,fiend (devil),Medium,18,153,fly,lawful evil,Monster Manual (SRD),14,14,18,18,16,18,Not legendary
227,ettercap,2,monstrosity,Medium,13,44,-,neutral evil,Monster Manual (SRD),7,12,8,14,15,13,Not legendary
228,ettin,4,giant,Large,12,85,-,chaotic evil,Monster Manual (SRD),6,10,8,21,8,17,Not legendary
229,evoker,9,humanoid (any race),Medium,12,66,-,any alignment,Volo's Guide to Monsters,17,12,11,9,14,12,Not legendary
230,expert-lvl-1,0,humanoid (any race),Medium,14,11,-,any alignment,Essentials Kit,13,10,14,10,15,12,Not legendary
231,expert-lvl-2,0,humanoid (any race),Medium,14,16,-,any alignment,Essentials Kit,13,10,14,10,15,12,Not legendary
232,expert-lvl-3,0,humanoid (any race),Medium,14,22,-,any alignment,Essentials Kit,13,10,14,10,15,12,Not legendary
233,expert-lvl-4,0,humanoid (any race),Medium,14,27,-,any alignment,Essentials Kit,13,10,14,10,17,12,Not legendary
234,expert-lvl-5,0,humanoid (any race),Medium,14,33,-,any alignment,Essentials Kit,13,10,14,10,17,12,Not legendary
235,expert-lvl-6,0,humanoid (any race),Medium,14,38,-,any alignment,Essentials Kit,13,10,14,10,17,12,Not legendary
236,faerie-dragon,1,dragon,Tiny,15,14,fly,chaotic good,Monster Manual,14,12,16,3,20,13,Not legendary
237,female-steeder,1,monstrosity,Large,14,30,-,unaligned,Mordenkainen's Tome of Foes,2,10,3,15,16,14,Not legendary
238,fire-elemental,5,elemental,Large,13,102,-,neutral,Monster Manual (SRD),6,10,7,10,17,16,Not legendary
239,fire-elemental-myrmidon,7,elemental,Medium,18,123,-,neutral,Mordenkainen's Tome of Foes,9,10,10,13,18,15,Not legendary
240,fire-giant,9,giant,Huge,18,162,-,lawful evil,Monster Manual (SRD),10,14,13,25,9,23,Not legendary
241,fire-giant-dreadnought,14,giant (fire giant),Huge,21,187,-,lawful evil,Volo's Guide to Monsters,8,10,11,27,9,23,Not legendary
242,fire-snake,1,elemental,Medium,14,22,-,neutral evil,Monster Manual (BR),7,10,8,12,14,11,Not legendary
243,firenewt-warlock-of-imix,1,humanoid (firenewt),Medium,10,33,-,neutral evil,Volo's Guide to Monsters,9,11,14,13,11,12,Not legendary
244,firenewt-warrior,1/2,humanoid (firenewt),Medium,16,22,-,neutral evil,Volo's Guide to Monsters,7,11,8,10,13,12,Not legendary
245,fist-of-bane,1/2,humanoid (human),Medium,18,22,-,lawful evil,Adventures (Descent into Avernus),10,12,11,16,11,13,Not legendary
246,flail-snail,3,elemental,Large,16,52,-,unaligned,Volo's Guide to Monsters,3,10,5,17,5,20,Not legendary
247,flameskull,4,undead,Tiny,13,40,fly,neutral evil,Monster Manual (SRD),16,10,11,1,17,14,Not legendary
248,flesh-golem,5,construct,Medium,9,93,-,neutral,Monster Manual (SRD),6,10,5,19,9,18,Not legendary
249,flind,9,humanoid (gnoll),Medium,16,127,-,chaotic evil,Volo's Guide to Monsters,11,13,12,20,10,19,Not legendary
250,flumph,1/8,aberration,Small,12,7,fly,lawful good,Monster Manual,14,14,11,6,15,10,Not legendary
251,flying-snake,1/8,beast,Tiny,14,5,"fly, swim",unaligned,Monster Manual (SRD),2,12,5,4,18,11,Not legendary
252,flying-sword,1/4,construct,Small,17,17,fly,unaligned,Monster Manual (SRD),1,5,1,12,15,11,Not legendary
253,fomorian,8,giant,Huge,14,149,-,chaotic evil,Monster Manual,9,14,6,23,10,20,Not legendary
254,fraz-urb-luu,23,fiend (demon),Large,18,337,fly,chaotic evil,Mordenkainen's Tome of Foes,26,24,26,29,12,25,Not legendary
255,frog,0,beast,Tiny,11,1,swim,unaligned,Monster Manual (SRD),1,8,3,1,13,8,Not legendary
256,froghemoth,10,monstrosity,Huge,14,184,swim,unaligned,Volo's Guide to Monsters,2,12,5,23,13,20,Not legendary
257,frost-giant,8,giant,Huge,15,138,-,neutral evil,Monster Manual (SRD),9,10,12,23,9,21,Not legendary
258,frost-giant-everlasting-one,12,giant (frost giant),Huge,15,189,-,chaotic evil,Volo's Guide to Monsters,9,10,12,25,9,24,Not legendary
259,frost-salamander,9,elemental,Huge,17,168,-,unaligned,Mordenkainen's Tome of Foes,7,11,7,20,12,18,Not legendary
260,galeb-duhr,6,elemental,Medium,16,85,-,neutral,Monster Manual (BR),11,12,11,20,14,20,Not legendary
261,gargoyle,2,elemental,Medium,15,52,fly,chaotic evil,Monster Manual (SRD),6,11,7,15,11,16,Not legendary
262,gas-spore,1/2,plant,Large,5,1,fly,unaligned,Monster Manual,1,1,1,5,1,3,Not legendary
263,gauth,6,aberration,Medium,15,67,fly,lawful evil,Volo's Guide to Monsters,15,15,13,10,14,16,Not legendary
264,gazer,1/2,aberration,Tiny,13,13,fly,neutral evil,Volo's Guide to Monsters,3,10,7,3,17,14,Not legendary
265,gelatinous-cube,2,ooze,Large,6,84,-,unaligned,Monster Manual (SRD),1,6,1,14,3,20,Not legendary
266,geryon,22,fiend (devil),Huge,19,300,fly,lawful evil,Mordenkainen's Tome of Foes,19,16,23,29,17,22,Not legendary
267,ghast,2,undead,Medium,13,36,-,chaotic evil,Monster Manual (SRD),11,10,8,16,17,10,Not legendary
268,ghost,4,undead,Medium,11,45,fly,any alignment,Monster Manual (SRD),10,12,17,7,13,10,Not legendary
269,ghoul,1,undead,Medium,12,22,-,chaotic evil,Monster Manual (SRD),7,10,6,13,15,10,Not legendary
270,giant-ape,7,beast,Huge,12,157,-,unaligned,Monster Manual (SRD),7,12,7,23,14,18,Not legendary
271,giant-badger,1/4,beast,Medium,10,13,-,unaligned,Monster Manual (SRD),2,12,5,13,10,15,Not legendary
272,giant-bat,1/4,beast,Large,13,22,fly,unaligned,Monster Manual (SRD),2,12,6,15,16,11,Not legendary
273,giant-boar,2,beast,Large,12,42,-,unaligned,Monster Manual (SRD),2,7,5,17,10,16,Not legendary
274,giant-centipede,1/4,beast,Small,13,4,-,unaligned,Monster Manual (SRD),1,7,3,5,14,12,Not legendary
275,giant-constrictor-snake,2,beast,Huge,12,60,swim,unaligned,Monster Manual (SRD),1,10,3,19,14,12,Not legendary
276,giant-crab,1/8,beast,Medium,15,13,swim,unaligned,Monster Manual (SRD),1,9,3,13,15,11,Not legendary
277,giant-crocodile,5,beast,Huge,14,85,swim,unaligned,Monster Manual (SRD),2,10,7,21,9,17,Not legendary
278,giant-eagle,1,beast,Large,13,26,fly,neutral good,Monster Manual (SRD),8,14,10,16,17,13,Not legendary
279,giant-elk,2,beast,Huge,14,42,-,unaligned,Monster Manual (SRD),7,14,10,19,16,14,Not legendary
280,giant-fire-beetle,0,beast,Small,13,4,-,unaligned,Monster Manual (SRD),1,7,3,8,10,12,Not legendary
281,giant-four-armed-gargoyle,10,elemental,Large,17,147,fly,chaotic evil,Adventures (Tomb of Annihilation),6,11,9,19,11,20,Not legendary
282,giant-frog,1/4,beast,Medium,11,18,swim,unaligned,Monster Manual (SRD),2,10,3,12,13,11,Not legendary
283,giant-goat,1/2,beast,Large,11,19,-,unaligned,Monster Manual (SRD),3,12,6,17,11,12,Not legendary
284,giant-hyena,1,beast,Large,12,45,-,unaligned,Monster Manual (SRD),2,12,7,16,14,14,Not legendary
285,giant-lizard,1/4,beast,Large,12,19,-,unaligned,Monster Manual (SRD),2,10,5,15,12,13,Not legendary
286,giant-octopus,1,beast,Large,11,52,swim,unaligned,Monster Manual (SRD),4,10,4,17,13,13,Not legendary
287,giant-owl,1/4,beast,Large,12,19,fly,neutral,Monster Manual (SRD),8,13,10,13,15,12,Not legendary
288,giant-poisonous-snake,1/4,beast,Medium,14,11,swim,unaligned,Monster Manual (SRD),2,10,3,10,18,13,Not legendary
289,giant-rat,1/8,beast,Small,12,7,-,unaligned,Monster Manual (SRD),2,10,4,7,15,11,Not legendary
290,giant-scorpion,3,beast,Large,15,52,-,unaligned,Monster Manual (SRD),1,9,3,15,13,15,Not legendary
291,giant-sea-horse,1/2,beast,Large,13,16,swim,unaligned,Monster Manual (SRD),2,12,5,12,15,11,Not legendary
292,giant-shark,5,beast,Huge,13,126,swim,unaligned,Monster Manual (SRD),1,10,5,23,11,21,Not legendary
293,giant-spider,1,beast,Large,14,26,-,unaligned,Monster Manual (SRD),2,11,4,14,16,12,Not legendary
294,giant-strider,1,monstrosity,Large,14,22,-,neutral evil,Volo's Guide to Monsters,4,12,6,18,13,14,Not legendary
295,giant-toad,1,beast,Large,11,39,swim,unaligned,Monster Manual (SRD),2,10,3,15,13,13,Not legendary
296,giant-two-headed-goat,1/2,beast,Large,11,19,-,unaligned,Extra (Adventurers League),3,12,6,17,11,12,Not legendary
297,giant-vulture,1,beast,Large,10,22,fly,neutral evil,Monster Manual (SRD),6,12,7,15,10,15,Not legendary
298,giant-wasp,1/2,beast,Medium,12,13,fly,unaligned,Monster Manual (SRD),1,10,3,10,14,10,Not legendary
299,giant-weasel,1/8,beast,Medium,13,9,-,unaligned,Monster Manual (SRD),4,12,5,11,16,10,Not legendary
300,giant-wolf-spider,1/4,beast,Medium,13,11,-,unaligned,Monster Manual (SRD),3,12,4,12,16,13,Not legendary
301,gibbering-mouther,2,aberration,Medium,9,67,swim,neutral,Monster Manual (SRD),3,10,6,10,8,16,Not legendary
302,giff,3,humanoid,Medium,16,60,-,lawful neutral,Mordenkainen's Tome of Foes,11,12,12,18,14,17,Not legendary
303,girallon,4,monstrosity,Large,13,59,-,unaligned,Volo's Guide to Monsters,5,12,7,18,16,16,Not legendary
304,githyanki-gish,10,humanoid (gith),Medium,17,123,-,lawful evil,Mordenkainen's Tome of Foes,16,15,16,17,15,14,Not legendary
305,githyanki-kith--rak,12,humanoid (gith),Medium,18,180,-,lawful evil,Mordenkainen's Tome of Foes,16,15,17,18,16,17,Not legendary
306,githyanki-knight,8,humanoid (gith),Medium,18,91,-,lawful evil,Monster Manual,14,14,15,16,14,15,Not legendary
307,githyanki-supreme-commander,14,humanoid (gith),Medium,18,187,-,lawful evil,Mordenkainen's Tome of Foes,16,16,18,19,17,18,Not legendary
308,githyanki-warrior,3,humanoid (gith),Medium,17,49,-,lawful evil,Monster Manual,13,13,10,15,14,12,Not legendary
309,githzerai-anarch,16,humanoid (gith),Medium,20,144,fly,lawful neutral,Mordenkainen's Tome of Foes,18,20,14,16,21,18,Not legendary
310,githzerai-enlightned,10,humanoid (gith),Medium,18,112,-,lawful neutral,Mordenkainen's Tome of Foes,17,19,13,14,19,16,Not legendary
311,githzerai-monk,2,humanoid (gith),Medium,14,38,-,lawful neutral,Monster Manual,13,14,10,12,15,12,Not legendary
312,githzerai-zerth,6,humanoid (gith),Medium,17,84,-,lawful neutral,Monster Manual,16,17,12,13,18,15,Not legendary
313,glabrezu,9,fiend (demon),Large,17,157,-,chaotic evil,Monster Manual (SRD),19,17,16,20,15,21,Not legendary
314,gladiator,5,humanoid (any race),Medium,16,112,-,any alignment,Monster Manual (SRD),10,12,15,18,15,16,Not legendary
315,gloom-weaver,9,humanoid (elf),Medium,14,104,-,neutral,Mordenkainen's Tome of Foes,15,12,18,11,18,14,Not legendary
316,gnoll,1/2,humanoid (gnoll),Medium,15,22,-,chaotic evil,Monster Manual (SRD),6,10,7,14,12,11,Not legendary
317,gnoll-fang-of-yeenoghu,4,fiend (gnoll),Medium,14,65,-,chaotic evil,Monster Manual,10,11,13,17,15,15,Not legendary
318,gnoll-flesh-gnawer,1,humanoid (gnoll),Medium,14,22,-,chaotic evil,Volo's Guide to Monsters,8,10,8,12,14,12,Not legendary
319,gnoll-hunter,1/2,humanoid (gnoll),Medium,13,22,-,chaotic evil,Volo's Guide to Monsters,8,12,8,14,14,12,Not legendary
320,gnoll-pack-lord,2,humanoid (gnoll),Medium,15,49,-,chaotic evil,Monster Manual (BR),8,11,9,16,14,13,Not legendary
321,gnoll-witherling,1/4,undead,Medium,12,11,-,chaotic evil,Volo's Guide to Monsters,5,5,5,14,8,12,Not legendary
322,goat,0,beast,Medium,10,4,-,unaligned,Monster Manual (SRD),2,10,5,12,10,11,Not legendary
323,goblin,1/4,humanoid (goblinoid),Small,15,7,-,neutral evil,Monster Manual (SRD),10,8,8,8,14,10,Not legendary
324,goblin-boss,1,humanoid (goblinoid),Small,17,21,-,neutral evil,Monster Manual,10,8,10,10,14,10,Not legendary
325,gold-dragon-wyrmling,3,dragon,Medium,17,60,"fly, swim",lawful good,Monster Manual (SRD),14,11,16,19,14,17,Not legendary
326,gorgon,5,monstrosity,Large,19,114,-,unaligned,Monster Manual (SRD),2,12,7,20,11,18,Not legendary
327,goristro,17,fiend (demon),Huge,19,310,-,chaotic evil,Monster Manual,6,13,14,25,11,25,Not legendary
328,gray-ooze,1/2,ooze,Medium,8,22,-,unaligned,Monster Manual (SRD),1,6,2,12,6,16,Not legendary
329,gray-render,12,monstrosity,Large,19,189,-,chaotic neutral,Mordenkainen's Tome of Foes,3,6,8,19,13,20,Not legendary
330,gray-slaad,9,aberration (shapechanger),Medium,18,127,-,chaotic neutral,Monster Manual,13,8,14,17,17,16,Not legendary
331,graz-zt,24,"fiend (demon, shapechanger)",Large,20,346,-,chaotic evil,Mordenkainen's Tome of Foes,23,21,26,22,15,21,Not legendary
332,green-abishai,15,fiend (devil),Medium,18,187,fly,lawful evil,Mordenkainen's Tome of Foes,17,12,19,12,17,16,Not legendary
333,green-dragon-wyrmling,2,dragon,Medium,17,38,"fly, swim",lawful evil,Monster Manual (SRD),14,11,13,15,12,13,Not legendary
334,green-hag,3,fey,Medium,17,82,-,neutral evil,Monster Manual (SRD),13,14,14,18,12,16,Not legendary
335,green-slaad,8,aberration (shapechanger),Large,16,127,-,chaotic neutral,Monster Manual,11,8,12,18,15,16,Not legendary
336,grell,3,aberration,Medium,12,55,fly,neutral evil,Monster Manual (BR),12,11,9,15,14,13,Not legendary
337,grick,2,monstrosity,Medium,14,27,-,neutral,Monster Manual (SRD),3,14,5,14,14,11,Not legendary
338,grick-alpha,7,monstrosity,Large,18,75,-,neutral,Monster Manual,4,14,9,18,16,15,Not legendary
339,griffon,2,monstrosity,Large,12,59,fly,unaligned,Monster Manual (SRD),2,13,8,18,15,16,Not legendary
340,grimlock,1/4,humanoid (grimlock),Medium,11,11,-,neutral evil,Monster Manual (SRD),9,8,6,16,12,12,Not legendary
341,grung,1/4,humanoid (grung),Small,12,11,-,lawful evil,Volo's Guide to Monsters,10,11,10,7,14,15,Not legendary
342,grung-elite-warrior,2,humanoid (grung),Small,13,49,-,lawful evil,Volo's Guide to Monsters,10,11,12,7,16,15,Not legendary
343,grung-wildling,1,humanoid (grung),Small,13,27,-,lawful evil,Volo's Guide to Monsters,10,15,11,7,16,15,Not legendary
344,guard,1/8,humanoid (any race),Medium,16,11,-,any alignment,Monster Manual (SRD),10,11,10,13,12,12,Not legendary
345,guard-drake,2,dragon,Medium,14,52,-,unaligned,Volo's Guide to Monsters,4,10,7,16,11,16,Not legendary
346,guardian-naga,10,monstrosity,Large,18,127,-,lawful good,Monster Manual (SRD),16,19,18,19,18,16,Not legendary
347,gynosphinx,11,monstrosity,Large,17,136,fly,lawful neutral,Monster Manual (SRD),18,18,18,18,15,16,Legendary
348,halaster-blackcloak,23,humanoid (human),Medium,14,246,-,chaotic evil,Adventures (Dungeon of the Mad Mage),24,18,18,10,18,18,Not legendary
349,half-ogre,1,giant,Large,12,30,-,any chaotic alignment,Monster Manual (BR),7,9,10,17,10,14,Not legendary
350,half-red-dragon-veteran,5,humanoid (human),Medium,18,65,-,any alignment,Monster Manual (BR),10,11,10,16,13,14,Not legendary
351,harpy,1,monstrosity,Medium,11,38,fly,chaotic evil,Monster Manual (SRD),7,10,13,12,13,12,Not legendary
352,hawk,0,beast,Tiny,13,1,fly,unaligned,Monster Manual (SRD),2,14,6,5,16,8,Not legendary
353,hell-hound,3,fiend,Medium,15,45,-,lawful evil,Monster Manual (SRD),6,13,6,17,12,14,Not legendary
354,hellfire-engine,16,construct,Huge,18,216,-,lawful evil,Mordenkainen's Tome of Foes,2,10,1,20,16,24,Not legendary
355,hellwasp,5,fiend,Large,19,52,fly,lawful evil,Adventures (Descent into Avernus),10,10,7,18,15,12,Not legendary
356,helmed-horror,4,construct,Medium,20,60,fly,neutral,Monster Manual (BR),10,10,10,18,13,16,Not legendary
357,hezrou,8,fiend (demon),Large,16,136,-,chaotic evil,Monster Manual (SRD),5,12,13,19,17,20,Not legendary
358,hill-giant,5,giant,Huge,13,105,-,chaotic evil,Monster Manual (SRD),5,9,6,21,8,19,Not legendary
359,hippogriff,1,monstrosity,Large,11,19,fly,unaligned,Monster Manual (SRD),2,12,8,17,13,13,Not legendary
360,hobgoblin,1/2,humanoid (goblinoid),Medium,18,11,-,lawful evil,Monster Manual (SRD),10,10,9,13,12,12,Not legendary
361,hobgoblin-captain,3,humanoid (goblinoid),Medium,17,39,-,lawful evil,Monster Manual (BR),12,10,13,15,14,14,Not legendary
362,hobgoblin-devastator,4,humanoid (goblinoid),Medium,13,45,-,lawful evil,Volo's Guide to Monsters,16,13,11,13,12,14,Not legendary
363,hobgoblin-iron-shadow,2,humanoid (goblinoid),Medium,15,32,-,lawful evil,Volo's Guide to Monsters,14,15,11,14,16,15,Not legendary
364,hobgoblin-warlord,6,humanoid (goblinoid),Medium,20,97,-,lawful evil,Monster Manual,14,11,15,16,14,16,Not legendary
365,homunculus,0,construct,Tiny,13,5,fly,neutral,Monster Manual (SRD),10,10,7,4,15,11,Not legendary
366,hook-horror,3,monstrosity,Large,15,75,-,neutral,Monster Manual (BR),6,12,7,18,10,15,Not legendary
367,horned-devil,11,fiend (devil),Large,18,178,fly,lawful evil,Monster Manual (SRD),12,16,17,22,17,21,Not legendary
368,howler,8,fiend,Large,16,90,-,chaotic evil,Mordenkainen's Tome of Foes,5,20,6,17,16,15,Not legendary
369,hulking-crab,5,beast,Huge,17,76,swim,unaligned,Adventures (Storm King's Thunder),3,11,3,19,8,16,Not legendary
370,hunter-shark,2,beast,Large,12,45,swim,unaligned,Monster Manual (SRD),1,10,4,18,13,15,Not legendary
371,hutijin,21,fiend (devil),Large,19,200,fly,lawful evil,Mordenkainen's Tome of Foes,23,19,25,27,15,25,Not legendary
372,hydra,8,monstrosity,Huge,15,172,swim,unaligned,Monster Manual (SRD),2,10,7,20,12,20,Not legendary
373,hydroloth,9,fiend (yugoloth),Medium,15,135,swim,neutral evil,Mordenkainen's Tome of Foes,19,10,14,12,21,16,Not legendary
374,hyena,0,beast,Medium,11,5,-,unaligned,Monster Manual (SRD),2,12,5,11,13,12,Not legendary
375,ice-devil,14,fiend (devil),Large,18,180,-,lawful evil,Monster Manual (SRD),18,15,18,21,14,18,Not legendary
376,ice-mephit,1/2,elemental,Small,11,21,fly,neutral evil,Monster Manual (SRD),9,11,12,7,13,10,Not legendary
377,ice-toad,1,monstrosity,Medium,12,32,swim,neutral,Adventures (Tyranny of Dragons),8,10,6,13,10,14,Not legendary
378,illusionist,3,humanoid (any race),Medium,12,38,-,any alignment,Volo's Guide to Monsters,16,11,12,9,14,13,Not legendary
379,imix,19,elemental,Huge,17,325,fly,neutral evil,Adventures (Princes of the Apocalypse),15,16,23,19,24,22,Not legendary
380,imp,1,"fiend (devil, shapechanger)",Tiny,13,10,fly,lawful evil,Monster Manual (SRD),11,12,14,6,17,13,Not legendary
381,intellect-devourer,2,aberration,Tiny,12,21,-,lawful evil,Monster Manual,12,11,10,6,14,13,Not legendary
382,invisible-stalker,6,elemental,Medium,14,104,fly,neutral,Monster Manual (SRD),10,15,11,16,19,14,Not legendary
383,iron-cobra,4,construct,Medium,13,45,-,unaligned,Mordenkainen's Tome of Foes,3,10,1,12,16,14,Not legendary
384,iron-consul,2,humanoid (human),Medium,16,45,-,lawful evil,Adventures (Descent into Avernus),12,15,16,17,11,16,Not legendary
385,iron-golem,16,construct,Large,20,210,-,unaligned,Monster Manual (SRD),3,11,1,24,9,20,Not legendary
386,jackal,0,beast,Small,12,3,-,unaligned,Monster Manual (SRD),3,12,6,8,15,11,Not legendary
387,jackalwere,1/2,humanoid (shapechanger),Medium,12,18,-,chaotic evil,Monster Manual (BR),13,11,10,11,15,11,Not legendary
388,jaculi,1/2,beast,Large,14,16,-,unaligned,Adventures (Tomb of Annihilation),2,8,3,15,14,11,Not legendary
389,jarlaxle-baenre,15,humanoid (elf),Medium,24,123,-,chaotic neutral,Adventures (Dragon Heist),20,16,19,12,22,14,Not legendary
390,juiblex,23,fiend (demon),Huge,18,350,-,chaotic evil,Mordenkainen's Tome of Foes,20,20,16,24,10,23,Not legendary
391,kamadan,4,monstrosity,Large,13,67,-,unaligned,Adventures (Tomb of Annihilation),3,14,10,16,16,14,Not legendary
392,kenku,1/4,humanoid (kenku),Medium,13,13,-,chaotic neutral,Monster Manual (BR),11,10,10,10,16,10,Not legendary
393,ki-rin,12,celestial,Huge,20,152,fly,lawful good,Volo's Guide to Monsters,19,20,20,21,16,16,Legendary
394,killer-whale,3,beast,Huge,12,90,swim,unaligned,Monster Manual (SRD),3,12,7,19,10,13,Not legendary
395,knight,3,humanoid (any race),Medium,18,52,-,any alignment,Monster Manual (SRD),11,11,15,16,11,14,Not legendary
396,kobold,1/8,humanoid (kobold),Small,12,5,-,lawful evil,Monster Manual (SRD),8,7,8,7,15,9,Not legendary
397,kobold-dragonshield,1,humanoid (kobold),Small,15,44,-,lawful evil,Volo's Guide to Monsters,8,9,10,12,15,14,Not legendary
398,kobold-inventor,1/4,humanoid (kobold),Small,12,13,-,lawful evil,Volo's Guide to Monsters,8,7,8,7,15,12,Not legendary
399,kobold-scale-sorcerer,1,humanoid (kobold),Small,15,27,-,lawful evil,Volo's Guide to Monsters,10,9,14,7,15,14,Not legendary
400,korred,7,fey,Small,17,102,-,chaotic neutral,Volo's Guide to Monsters,10,15,9,23,14,20,Not legendary
401,kraken,23,monstrosity (titan),Gargantuan,18,472,swim,chaotic evil,Monster Manual (SRD),22,18,20,30,11,25,Legendary
402,kraken-priest,5,humanoid (any race),Medium,10,75,swim,any evil alignment,Volo's Guide to Monsters,10,15,14,12,10,16,Not legendary
403,kruthik-hive-lord,5,monstrosity,Large,20,102,-,unaligned,Mordenkainen's Tome of Foes,10,14,10,19,16,17,Not legendary
404,kuo-toa,1/4,humanoid (kuo-toa),Medium,13,18,swim,neutral evil,Monster Manual (BR),11,10,8,13,10,11,Not legendary
405,kuo-toa-archpriest,6,humanoid (kuo-toa),Medium,13,97,swim,neutral evil,Monster Manual (BR),13,16,14,16,14,16,Not legendary
406,kuo-toa-whip,1,humanoid (kuo-toa),Medium,11,65,swim,neutral evil,Monster Manual (BR),12,14,11,14,10,14,Not legendary
407,laeral-silverhand,17,humanoid (human),Medium,18,228,-,chaotic good,Adventures (Dragon Heist),20,20,19,13,17,20,Not legendary
408,lamia,4,monstrosity,Large,13,97,-,chaotic evil,Monster Manual (SRD),14,15,16,16,13,15,Not legendary
409,lemure,0,fiend (devil),Medium,7,13,-,lawful evil,Monster Manual (SRD),1,11,3,10,5,11,Not legendary
410,leucrotta,3,monstrosity,Large,14,67,-,chaotic evil,Volo's Guide to Monsters,9,12,6,18,14,15,Not legendary
411,leviathan,20,elemental,Gargantuan,17,328,swim,neutral,Mordenkainen's Tome of Foes,2,18,17,30,24,30,Not legendary
412,lich,21,undead,Medium,17,135,-,any evil alignment,Monster Manual (SRD),20,14,16,11,16,16,Legendary
413,lion,1,beast,Large,12,26,-,unaligned,Monster Manual (SRD),3,12,8,17,15,13,Not legendary
414,lizard,0,beast,Tiny,10,2,-,unaligned,Monster Manual (SRD),1,8,3,2,11,10,Not legendary
415,lizard-king-queen,4,humanoid (lizardfolk),Medium,15,78,swim,chaotic evil,Monster Manual (BR),11,11,15,17,12,15,Not legendary
416,lizardfolk,1/2,humanoid (lizardfolk),Medium,15,22,swim,neutral,Monster Manual (SRD),7,12,7,15,10,13,Not legendary
417,lizardfolk-shaman,2,humanoid (lizardfolk),Medium,13,27,swim,neutral,Monster Manual (BR),10,15,8,15,10,13,Not legendary
418,mage,6,humanoid (any race),Medium,12,40,-,any alignment,Monster Manual (SRD),17,12,11,9,14,11,Not legendary
419,magma-mephit,1/2,elemental,Small,11,22,fly,neutral evil,Monster Manual (SRD),7,10,10,8,12,12,Not legendary
420,magmin,1/2,elemental,Small,14,9,-,chaotic neutral,Monster Manual (SRD),8,11,10,7,15,12,Not legendary
421,male-steeder,1/4,monstrosity,Medium,12,13,-,unaligned,Mordenkainen's Tome of Foes,2,10,3,15,12,14,Not legendary
422,mammoth,6,beast,Huge,13,126,-,unaligned,Monster Manual (SRD),3,11,6,24,9,21,Not legendary
423,manes,1/8,fiend (demon),Small,9,9,-,chaotic evil,Monster Manual,3,8,4,10,9,13,Not legendary
424,manshoon,13,humanoid (human),Medium,19,126,-,lawful evil,Adventures (Dragon Heist),23,15,16,10,14,12,Not legendary
425,manticore,3,monstrosity,Large,14,68,fly,lawful evil,Monster Manual (SRD),7,12,8,17,16,17,Not legendary
426,mantrap,1,plant,Large,12,45,-,unaligned,Adventures (Tomb of Annihilation),1,10,2,15,14,12,Not legendary
427,marid,11,elemental,Large,17,229,"fly, swim",chaotic neutral,Monster Manual,18,17,18,22,12,26,Not legendary
428,marilith,16,fiend (demon),Large,18,189,-,chaotic evil,Monster Manual (SRD),18,16,20,18,20,20,Not legendary
429,martial-arts-adept,3,humanoid (any race),Medium,16,60,-,any alignment,Volo's Guide to Monsters,11,16,10,11,17,13,Not legendary
430,marut,25,construct (inevitable),Large,22,432,fly,lawful neutral,Mordenkainen's Tome of Foes,19,15,18,28,12,26,Not legendary
431,master-of-souls,4,humanoid (human),Medium,12,45,-,neutral evil,Adventures (Descent into Avernus),19,14,13,10,14,17,Not legendary
432,master-thief,5,humanoid (any race),Medium,16,84,-,any alignment,Volo's Guide to Monsters,11,11,12,11,18,14,Not legendary
433,mastiff,1/8,beast,Medium,12,5,-,unaligned,Monster Manual (SRD),3,12,7,13,14,12,Not legendary
434,maurezhi,7,fiend (demon),Medium,15,88,-,chaotic evil,Mordenkainen's Tome of Foes,11,12,15,14,17,12,Not legendary
435,maw-demon,1,fiend (demon),Medium,13,33,-,chaotic evil,Volo's Guide to Monsters,5,8,5,14,8,13,Not legendary
436,meazel,1,humanoid (meazel),Medium,13,35,-,neutral evil,Mordenkainen's Tome of Foes,14,13,10,8,17,9,Not legendary
437,medusa,6,monstrosity,Medium,15,127,-,lawful evil,Monster Manual (SRD),12,13,15,10,15,16,Not legendary
438,meenlock,2,fey,Small,15,31,-,neutral evil,Volo's Guide to Monsters,11,10,8,7,15,12,Not legendary
439,merfolk,1/8,humanoid (merfolk),Medium,11,11,swim,neutral,Monster Manual (SRD),11,11,12,10,13,12,Not legendary
440,merregon,4,fiend (devil),Medium,16,45,-,lawful evil,Mordenkainen's Tome of Foes,6,12,8,18,14,17,Not legendary
441,merrenoloth,3,fiend (yugoloth),Medium,13,40,swim,neutral evil,Mordenkainen's Tome of Foes,17,14,11,8,17,10,Not legendary
442,merrow,2,monstrosity,Large,13,45,swim,chaotic evil,Monster Manual (SRD),8,10,9,18,10,15,Not legendary
443,mezzoloth,5,fiend (yugoloth),Medium,18,75,-,neutral evil,Monster Manual (BR),7,10,11,18,11,16,Not legendary
444,mimic,2,monstrosity (shapechanger),Medium,12,58,-,neutral,Monster Manual (SRD),5,13,8,17,12,15,Not legendary
445,mind-flayer,7,aberration,Medium,15,71,-,lawful evil,Monster Manual,19,17,17,11,12,12,Not legendary
446,mindwitness,5,aberration,Large,15,75,fly,lawful evil,Volo's Guide to Monsters,15,15,10,10,14,14,Not legendary
447,minotaur,3,monstrosity,Large,14,76,-,chaotic evil,Monster Manual (SRD),6,16,9,18,11,16,Not legendary
448,minotaur-skeleton,2,undead,Large,12,67,-,lawful evil,Monster Manual (SRD),6,8,5,18,11,15,Not legendary
449,moloch,21,fiend (devil),Large,19,253,-,lawful evil,Mordenkainen's Tome of Foes,21,18,23,26,19,22,Legendary
450,molydeus,21,fiend (demon),Huge,19,216,-,chaotic evil,Mordenkainen's Tome of Foes,21,24,24,28,22,25,Not legendary
451,monodrone,1/8,construct,Medium,15,5,fly,lawful neutral,Monster Manual,4,10,5,10,13,12,Not legendary
452,morkoth,11,aberration,Medium,17,130,swim,chaotic evil,Volo's Guide to Monsters,20,15,13,14,14,14,Not legendary
453,mouth-of-grolantor,6,giant (hill giant),Huge,14,105,-,chaotic evil,Volo's Guide to Monsters,5,7,5,21,10,18,Not legendary
454,mud-mephit,1/4,elemental,Small,11,27,"fly, swim",neutral evil,Monster Manual (SRD),9,11,7,8,12,12,Not legendary
455,mule,1/8,beast,Medium,10,11,-,unaligned,Monster Manual (SRD),2,10,5,14,10,13,Not legendary
456,mummified-warrior,1/4,undead,Medium,8,19,-,neutral,Extra (AideDD),8,6,8,13,6,14,Not legendary
457,mummy,3,undead,Medium,11,58,-,lawful evil,Monster Manual (SRD),6,10,12,16,8,15,Not legendary
458,mummy-lord,15,undead,Medium,17,97,-,lawful evil,Monster Manual (SRD),11,18,16,18,10,17,Legendary
459,myconid-adult,1/2,plant,Medium,12,22,-,lawful neutral,Monster Manual,10,13,7,10,10,12,Not legendary
460,myconid-sovereign,2,plant,Large,13,60,-,lawful neutral,Monster Manual,13,15,10,12,10,14,Not legendary
461,myconid-sprout,0,plant,Small,10,7,-,lawful neutral,Monster Manual,8,11,5,8,10,10,Not legendary
462,nabassu,15,fiend (demon),Medium,18,190,fly,chaotic evil,Mordenkainen's Tome of Foes,14,15,17,22,14,21,Not legendary
463,nagpa,17,humanoid (nagpa),Medium,19,187,-,neutral evil,Mordenkainen's Tome of Foes,23,18,21,9,15,12,Not legendary
464,nalfeshnee,13,fiend (demon),Large,18,184,fly,chaotic evil,Monster Manual (SRD),19,12,15,21,10,22,Not legendary
465,narzugon,13,fiend (devil),Medium,20,112,-,lawful evil,Mordenkainen's Tome of Foes,16,14,19,20,10,17,Not legendary
466,necromancer,9,humanoid (any race),Medium,12,66,-,any alignment,Volo's Guide to Monsters,17,12,11,9,14,12,Not legendary
467,necromite-of-myrkul,1/2,humanoid (human),Medium,11,13,-,neutral evil,Adventures (Descent into Avernus),16,11,10,10,13,15,Not legendary
468,needle-blight,1/4,plant,Medium,12,11,-,neutral evil,Monster Manual,4,8,3,12,12,13,Not legendary
469,neogi,3,aberration,Small,15,33,-,lawful evil,Volo's Guide to Monsters,13,12,15,6,16,14,Not legendary
470,neogi-hatchling,1/8,aberration,Tiny,11,7,-,lawful evil,Volo's Guide to Monsters,6,10,9,3,13,10,Not legendary
471,neogi-master,4,aberration,Medium,15,71,-,lawful evil,Volo's Guide to Monsters,16,12,18,6,16,14,Not legendary
472,neothelid,13,aberration,Gargantuan,16,325,-,chaotic evil,Volo's Guide to Monsters,3,16,12,27,7,21,Not legendary
473,night-blade,1/4,humanoid (human),Medium,12,11,-,chaotic evil,Adventures (Descent into Avernus),10,11,14,11,15,12,Not legendary
474,night-hag,5,fiend,Medium,17,112,-,neutral evil,Monster Manual (SRD),16,14,16,18,15,16,Not legendary
475,nightmare,3,fiend,Large,13,68,fly,neutral evil,Monster Manual (SRD),10,13,15,18,15,16,Not legendary
476,nightwalker,20,undead,Huge,14,297,fly,chaotic evil,Mordenkainen's Tome of Foes,6,9,8,22,19,24,Not legendary
477,nilbog,1,humanoid (goblinoid),Small,13,7,-,chaotic evil,Volo's Guide to Monsters,10,8,15,8,14,10,Not legendary
478,noble,1/8,humanoid (any race),Medium,15,9,-,any alignment,Monster Manual (SRD),12,14,16,11,12,11,Not legendary
479,nothic,2,aberration,Medium,15,45,-,neutral evil,Monster Manual,13,10,8,14,16,16,Not legendary
480,nupperibo,1/2,fiend (devil),Medium,13,11,-,lawful evil,Mordenkainen's Tome of Foes,3,8,1,16,11,13,Not legendary
481,nycaloth,9,fiend (yugoloth),Large,18,123,fly,neutral evil,Monster Manual (BR),12,10,15,20,11,19,Not legendary
482,oblex-spawn,1/4,ooze,Tiny,13,18,-,lawful evil,Mordenkainen's Tome of Foes,14,11,10,8,16,15,Not legendary
483,ochre-jelly,2,ooze,Large,8,45,-,unaligned,Monster Manual (SRD),2,6,1,15,6,14,Not legendary
484,octopus,0,beast,Small,12,3,swim,unaligned,Monster Manual (SRD),3,10,4,4,15,11,Not legendary
485,ogre,2,giant,Large,11,59,-,chaotic evil,Monster Manual (SRD),5,7,7,19,8,16,Not legendary
486,ogre-battering-ram,4,giant,Large,14,59,-,chaotic evil,Mordenkainen's Tome of Foes,5,7,7,19,8,16,Not legendary
487,ogre-bolt-launcher,2,giant,Large,13,59,-,chaotic evil,Mordenkainen's Tome of Foes,5,7,7,19,12,16,Not legendary
488,ogre-chain-brute,3,giant,Large,11,59,-,chaotic evil,Mordenkainen's Tome of Foes,5,7,7,19,8,16,Not legendary
489,ogre-howdah,2,giant,Large,13,59,-,chaotic evil,Mordenkainen's Tome of Foes,5,7,7,19,8,16,Not legendary
490,ogre-zombie,2,undead,Large,8,85,-,neutral evil,Monster Manual (SRD),3,6,5,19,6,18,Not legendary
491,ogremoch,20,elemental,Gargantuan,20,526,-,neutral evil,Adventures (Princes of the Apocalypse),11,15,22,26,11,28,Not legendary
492,oinoloth,12,fiend (yugoloth),Medium,17,126,-,neutral evil,Mordenkainen's Tome of Foes,17,16,19,19,17,18,Not legendary
493,olhydra,18,elemental,Huge,18,324,swim,neutral evil,Adventures (Princes of the Apocalypse),17,18,23,21,22,24,Not legendary
494,oni,7,giant,Large,16,110,fly,lawful evil,Monster Manual (SRD),14,12,15,19,11,16,Not legendary
495,orc,1/2,humanoid (orc),Medium,13,15,-,chaotic evil,Monster Manual (SRD),7,11,10,16,12,16,Not legendary
496,orc-blade-of-ilneval,4,humanoid (orc),Medium,18,60,-,chaotic evil,Volo's Guide to Monsters,10,12,14,17,11,17,Not legendary
497,orc-claw-of-luthic,2,humanoid (orc),Medium,14,45,-,chaotic evil,Volo's Guide to Monsters,10,15,11,14,15,16,Not legendary
498,orc-eye-of-gruumsh,2,humanoid (orc),Medium,16,45,-,chaotic evil,Monster Manual (BR),9,13,12,16,12,16,Not legendary
499,orc-hand-of-yurtrus,2,humanoid (orc),Medium,12,30,-,chaotic evil,Volo's Guide to Monsters,11,14,9,12,11,16,Not legendary
500,orc-red-fang-of-shargaas,3,humanoid (orc),Medium,15,52,-,chaotic evil,Volo's Guide to Monsters,9,11,9,11,16,15,Not legendary
501,orc-war-chief,4,humanoid (orc),Medium,16,93,-,chaotic evil,Monster Manual,11,11,16,18,12,18,Not legendary
502,orcus,26,fiend (demon),Huge,17,405,fly,chaotic evil,Mordenkainen's Tome of Foes,20,20,25,27,14,25,Legendary
503,orog,2,humanoid (orc),Medium,18,42,-,chaotic evil,Monster Manual (BR),12,11,12,18,12,18,Not legendary
504,orthon,10,fiend (devil),Large,17,105,-,lawful evil,Mordenkainen's Tome of Foes,15,15,16,22,16,21,Not legendary
505,otyugh,5,aberration,Large,14,114,-,neutral,Monster Manual (SRD),6,13,6,16,11,19,Not legendary
506,owl,0,beast,Tiny,11,1,fly,unaligned,Monster Manual (SRD),2,12,7,3,13,8,Not legendary
507,owlbear,3,monstrosity,Large,13,59,-,unaligned,Monster Manual (SRD),3,12,7,20,12,17,Not legendary
508,panther,1/4,beast,Medium,12,13,-,unaligned,Monster Manual (SRD),3,14,7,14,15,10,Not legendary
509,pegasus,2,celestial,Large,12,59,fly,chaotic good,Monster Manual (SRD),10,15,13,18,15,16,Not legendary
510,pentadrone,2,construct,Large,16,32,-,lawful neutral,Monster Manual,10,10,13,15,14,12,Not legendary
511,peryton,2,monstrosity,Medium,13,33,fly,chaotic evil,Monster Manual (BR),9,12,10,16,12,13,Not legendary
512,phase-spider,3,monstrosity,Large,13,32,-,unaligned,Monster Manual (SRD),6,10,6,15,15,12,Not legendary
513,phoenix,16,elemental,Gargantuan,18,175,fly,neutral,Mordenkainen's Tome of Foes,2,21,18,19,26,25,Not legendary
514,piercer,1/2,monstrosity,Medium,15,22,-,unaligned,Monster Manual (BR),1,7,3,10,13,16,Not legendary
515,pit-fiend,20,fiend (devil),Large,19,300,fly,lawful evil,Monster Manual (SRD),22,18,24,26,14,24,Not legendary
516,pixie,1/4,fey,Tiny,15,1,fly,neutral good,Monster Manual,10,14,15,2,20,8,Not legendary
517,planetar,16,celestial,Large,19,200,fly,lawful good,Monster Manual (SRD),19,22,25,24,20,24,Not legendary
518,plesiosaurus,2,beast,Large,13,68,swim,unaligned,Monster Manual (SRD),2,12,5,18,15,16,Not legendary
519,poisonous-snake,1/8,beast,Tiny,13,2,swim,unaligned,Monster Manual (SRD),1,10,3,2,16,11,Not legendary
520,polar-bear,2,beast,Large,12,42,swim,unaligned,Monster Manual (SRD),2,13,7,20,10,16,Not legendary
521,pony,1/8,beast,Medium,10,11,-,unaligned,Monster Manual (SRD),2,11,7,15,10,13,Not legendary
522,priest,2,humanoid (any race),Medium,13,27,-,any alignment,Monster Manual (SRD),13,16,13,10,10,12,Not legendary
523,pseudodragon,1/4,dragon,Tiny,13,7,fly,neutral good,Monster Manual (SRD),10,12,10,6,15,13,Not legendary
524,pterafolk,1,monstrosity,Large,12,26,fly,neutral evil,Adventures (Tomb of Annihilation),9,10,11,15,13,12,Not legendary
525,pteranodon,1/4,beast,Medium,13,13,fly,unaligned,Monster Manual (SRD),2,9,5,12,15,10,Not legendary
526,purple-worm,15,monstrosity,Gargantuan,18,247,-,unaligned,Monster Manual (SRD),1,8,4,28,7,22,Not legendary
527,purple-wormling,2,monstrosity,Large,12,42,-,unaligned,Adventures (Storm King's Thunder),1,6,2,16,7,16,Not legendary
528,quadrone,1,construct,Medium,16,22,fly,lawful neutral,Monster Manual,10,10,11,12,14,12,Not legendary
529,quaggoth,2,humanoid (quaggoth),Medium,13,45,-,chaotic neutral,Monster Manual,6,12,7,17,12,16,Not legendary
530,quaggoth-spore-servant,1,plant,Medium,13,45,-,unaligned,Monster Manual,2,6,1,17,12,16,Not legendary
531,quasit,1,"fiend (demon, shapechanger)",Tiny,13,7,-,chaotic evil,Monster Manual (SRD),7,10,10,5,17,10,Not legendary
532,quetzalcoatlus,2,beast,Huge,13,30,fly,unaligned,Volo's Guide to Monsters,2,10,5,15,13,13,Not legendary
533,quickling,1,fey,Tiny,16,10,-,chaotic evil,Volo's Guide to Monsters,10,12,7,4,23,13,Not legendary
534,quipper,0,beast,Tiny,13,1,swim,unaligned,Monster Manual (SRD),1,7,2,2,16,9,Not legendary
535,rakshasa,13,fiend,Medium,16,110,-,lawful evil,Monster Manual (SRD),13,16,20,14,17,18,Not legendary
536,rat,0,beast,Tiny,10,1,-,unaligned,Monster Manual (SRD),2,10,4,2,11,9,Not legendary
537,raven,0,beast,Tiny,12,1,fly,unaligned,Monster Manual (SRD),2,12,6,2,14,8,Not legendary
538,reaper-of-bhaal,2,humanoid (human),Medium,15,27,-,chaotic evil,Adventures (Descent into Avernus),15,12,16,11,20,13,Not legendary
539,red-abishai,19,fiend (devil),Medium,22,255,fly,lawful evil,Mordenkainen's Tome of Foes,14,15,19,23,16,19,Not legendary
540,red-dragon-wyrmling,4,dragon,Medium,17,75,fly,chaotic evil,Monster Manual (SRD),12,11,15,19,10,17,Not legendary
541,red-slaad,5,aberration,Large,14,93,-,chaotic neutral,Monster Manual,6,6,7,16,12,16,Not legendary
542,redcap,3,fey,Small,13,45,-,chaotic evil,Volo's Guide to Monsters,10,12,9,18,13,18,Not legendary
543,reef-manta-ray,1/2,beast,Large,12,16,swim,unaligned,Extra (AideDD),1,12,4,13,12,12,Not legendary
544,reef-shark,1/2,beast,Medium,12,22,swim,unaligned,Monster Manual (SRD),1,10,4,14,13,13,Not legendary
545,remorhaz,11,monstrosity,Huge,17,195,-,unaligned,Monster Manual (SRD),4,10,5,24,13,21,Not legendary
546,retriever,14,construct,Large,19,210,-,lawful evil,Mordenkainen's Tome of Foes,3,11,4,22,16,20,Not legendary
547,revenant,5,undead,Medium,13,136,-,neutral,Monster Manual (BR),13,16,18,18,14,18,Not legendary
548,rhinoceros,2,beast,Large,11,45,-,unaligned,Monster Manual (SRD),2,12,6,21,8,15,Not legendary
549,riding-horse,1/4,beast,Large,10,13,-,unaligned,Monster Manual (SRD),2,11,7,16,10,12,Not legendary
550,roc,11,monstrosity,Gargantuan,15,248,fly,unaligned,Monster Manual (SRD),3,10,9,28,10,20,Not legendary
551,roper,5,monstrosity,Large,20,93,-,neutral evil,Monster Manual (SRD),7,16,6,18,8,17,Not legendary
552,rot-troll,9,giant,Large,16,138,-,chaotic evil,Mordenkainen's Tome of Foes,5,8,4,18,13,22,Not legendary
553,rug-of-smothering,2,construct,Large,12,33,-,unaligned,Monster Manual (SRD),1,3,1,17,14,10,Not legendary
554,rust-monster,1/2,monstrosity,Medium,14,27,-,unaligned,Monster Manual (SRD),2,13,6,13,12,13,Not legendary
555,rutterkin,2,fiend (demon),Medium,12,37,-,chaotic evil,Mordenkainen's Tome of Foes,5,12,6,14,15,17,Not legendary
556,saber-toothed-tiger,2,beast,Large,12,52,-,unaligned,Monster Manual (SRD),3,12,8,18,14,15,Not legendary
557,sahuagin,1/2,humanoid (sahuagin),Medium,12,22,swim,lawful evil,Monster Manual (SRD),12,13,9,13,11,12,Not legendary
558,sahuagin-baron,5,humanoid (sahuagin),Large,16,76,swim,lawful evil,Monster Manual,14,13,17,19,15,16,Not legendary
559,sahuagin-priestess,2,humanoid (sahuagin),Medium,12,33,swim,lawful evil,Monster Manual,12,14,13,13,11,12,Not legendary
560,salamander,5,elemental,Large,15,90,-,neutral evil,Monster Manual (SRD),11,10,12,18,14,15,Not legendary
561,satyr,1/2,fey,Medium,14,31,-,chaotic neutral,Monster Manual (SRD),12,10,14,12,16,11,Not legendary
562,scarecrow,1,construct,Medium,11,36,-,chaotic evil,Monster Manual,10,10,13,11,13,11,Not legendary
563,scorpion,0,beast,Tiny,11,1,-,unaligned,Monster Manual (SRD),1,8,2,2,11,8,Not legendary
564,scout,1/2,humanoid (any race),Medium,13,16,-,any alignment,Monster Manual (SRD),11,13,11,11,14,12,Not legendary
565,sea-hag,2,fey,Medium,14,52,swim,chaotic evil,Monster Manual (SRD),12,12,13,16,13,16,Not legendary
566,sea-horse,0,beast,Tiny,11,1,swim,unaligned,Monster Manual (SRD),1,10,2,1,12,8,Not legendary
567,sea-spawn,1,humanoid,Medium,11,32,swim,neutral evil,Volo's Guide to Monsters,6,10,8,15,8,15,Not legendary
568,shadow,1/2,undead,Medium,12,16,-,chaotic evil,Monster Manual (SRD),6,10,8,6,14,13,Not legendary
569,shadow-dancer,7,humanoid (elf),Medium,15,71,-,neutral,Mordenkainen's Tome of Foes,11,12,12,12,16,13,Not legendary
570,shadow-demon,4,fiend (demon),Medium,13,66,fly,chaotic evil,Monster Manual (BR),14,13,14,1,17,12,Not legendary
571,shadow-mastiff,2,monstrosity,Medium,12,33,-,neutral evil,Volo's Guide to Monsters,5,12,5,16,14,13,Not legendary
572,shambling-mound,5,plant,Large,15,136,swim,unaligned,Monster Manual (SRD),5,10,5,18,8,16,Not legendary
573,shield-guardian,7,construct,Large,17,142,-,unaligned,Monster Manual (SRD),7,10,3,18,8,18,Not legendary
574,shoosuva,8,fiend (demon),Large,14,110,-,chaotic evil,Volo's Guide to Monsters,7,14,9,18,13,17,Not legendary
575,shrieker,0,plant,Medium,5,13,-,unaligned,Monster Manual (SRD),1,3,1,1,1,10,Not legendary
576,sibriex,18,fiend (demon),Huge,19,150,fly,chaotic evil,Mordenkainen's Tome of Foes,25,24,25,10,3,23,Legendary
577,silver-dragon-wyrmling,2,dragon,Medium,17,45,fly,lawful good,Monster Manual (SRD),12,11,15,19,10,17,Not legendary
578,skeleton,1/4,undead,Medium,13,13,-,lawful evil,Monster Manual (SRD),6,8,5,10,14,15,Not legendary
579,skulk,1/2,humanoid,Medium,14,18,-,chaotic neutral,Mordenkainen's Tome of Foes,10,7,1,6,19,10,Not legendary
580,skull-lasher-of-myrkul,1,humanoid (human),Medium,12,32,-,neutral evil,Adventures (Descent into Avernus),16,13,10,10,14,15,Not legendary
581,skull-lord,15,undead,Medium,18,105,-,lawful evil,Mordenkainen's Tome of Foes,16,15,21,14,16,17,Not legendary
582,slaad-tadpole,1/8,aberration,Tiny,12,10,-,chaotic neutral,Monster Manual,3,5,3,7,15,10,Not legendary
583,slithering-tracker,3,ooze,Medium,14,32,swim,chaotic evil,Volo's Guide to Monsters,10,14,11,16,19,15,Not legendary
584,smoke-mephit,1/4,elemental,Small,12,22,fly,neutral evil,Monster Manual (SRD),10,10,11,6,14,12,Not legendary
585,solar,21,celestial,Large,21,243,fly,lawful good,Monster Manual (SRD),25,25,30,26,22,26,Legendary
586,soul-monger,11,humanoid (elf),Medium,15,123,-,neutral,Mordenkainen's Tome of Foes,19,15,13,8,17,14,Not legendary
587,spawn-of-kyuss,5,undead,Medium,10,76,-,chaotic evil,Volo's Guide to Monsters,5,7,3,16,11,18,Not legendary
588,spectator,3,aberration,Medium,14,39,fly,lawful neutral,Monster Manual,13,14,11,8,14,14,Not legendary
589,specter,1,undead,Medium,12,22,fly,chaotic evil,Monster Manual (SRD),10,10,11,1,14,11,Not legendary
590,spellcaster-healer-lvl-1,0,humanoid (any race),Medium,12,9,-,any alignment,Essentials Kit,15,14,13,10,12,10,Not legendary
591,spellcaster-healer-lvl-2,0,humanoid (any race),Medium,12,13,-,any alignment,Essentials Kit,15,14,13,10,12,10,Not legendary
592,spellcaster-healer-lvl-3,0,humanoid (any race),Medium,12,18,-,any alignment,Essentials Kit,15,14,13,10,12,10,Not legendary
593,spellcaster-healer-lvl-4,0,humanoid (any race),Medium,12,22,-,any alignment,Essentials Kit,15,16,13,10,12,10,Not legendary
594,spellcaster-healer-lvl-5,0,humanoid (any race),Medium,12,27,-,any alignment,Essentials Kit,15,16,13,10,12,10,Not legendary
595,spellcaster-healer-lvl-6,0,humanoid (any race),Medium,12,31,-,any alignment,Essentials Kit,15,16,13,10,12,10,Not legendary
596,spellcaster-mage-lvl-1,0,humanoid (any race),Medium,12,9,-,any alignment,Essentials Kit,15,14,13,10,12,10,Not legendary
597,spellcaster-mage-lvl-2,0,humanoid (any race),Medium,12,13,-,any alignment,Essentials Kit,15,14,13,10,12,10,Not legendary
598,spellcaster-mage-lvl-3,0,humanoid (any race),Medium,12,18,-,any alignment,Essentials Kit,15,14,13,10,12,10,Not legendary
599,spellcaster-mage-lvl-4,0,humanoid (any race),Medium,12,22,-,any alignment,Essentials Kit,17,14,13,10,12,10,Not legendary
600,spellcaster-mage-lvl-5,0,humanoid (any race),Medium,12,27,-,any alignment,Essentials Kit,17,14,13,10,12,10,Not legendary
601,spellcaster-mage-lvl-6,0,humanoid (any race),Medium,12,31,-,any alignment,Essentials Kit,17,14,13,10,12,10,Not legendary
602,spider,0,beast,Tiny,12,1,-,unaligned,Monster Manual (SRD),1,10,2,2,14,8,Not legendary
603,spined-devil,2,fiend (devil),Small,13,22,fly,lawful evil,Monster Manual,11,14,8,10,15,12,Not legendary
604,spirit-naga,8,monstrosity,Large,15,75,-,chaotic evil,Monster Manual (SRD),16,15,16,18,17,14,Not legendary
605,spirit-troll,11,giant,Large,17,97,-,chaotic evil,Mordenkainen's Tome of Foes,8,9,16,1,17,13,Not legendary
606,spring-eladrin,10,fey (elf),Medium,19,127,-,chaotic neutral,Mordenkainen's Tome of Foes,18,11,18,14,16,16,Not legendary
607,sprite,1/4,fey,Tiny,15,2,fly,neutral good,Monster Manual (SRD),14,13,11,3,18,10,Not legendary
608,spy,1,humanoid (any race),Medium,12,27,-,any alignment,Monster Manual (SRD),12,14,16,10,15,10,Not legendary
609,star-spawn-grue,1/4,aberration,Small,11,17,-,neutral evil,Mordenkainen's Tome of Foes,9,11,6,6,13,10,Not legendary
610,star-spawn-hulk,10,aberration,Large,16,136,-,chaotic evil,Mordenkainen's Tome of Foes,7,12,9,20,8,21,Not legendary
611,star-spawn-larva-mage,16,aberration,Medium,16,168,-,chaotic evil,Mordenkainen's Tome of Foes,18,12,16,17,12,23,Not legendary
612,star-spawn-mangler,5,aberration,Medium,14,71,-,chaotic evil,Mordenkainen's Tome of Foes,11,12,7,8,18,12,Not legendary
613,star-spawn-seer,13,aberration,Medium,17,153,-,neutral evil,Mordenkainen's Tome of Foes,22,19,16,14,12,18,Not legendary
614,steam-mephit,1/4,elemental,Small,10,21,fly,neutral evil,Monster Manual (SRD),11,10,12,5,11,10,Not legendary
615,steel-predator,16,construct,Large,20,207,-,lawful evil,Mordenkainen's Tome of Foes,4,14,6,24,17,22,Not legendary
616,stegosaurus,4,beast,Huge,13,76,-,unaligned,Adventures (Tomb of Annihilation),2,11,5,20,9,17,Not legendary
617,stirge,1/8,beast,Tiny,14,2,fly,unaligned,Monster Manual (SRD),2,8,6,4,16,11,Not legendary
618,stone-cursed,1,construct,Medium,17,19,-,lawful evil,Mordenkainen's Tome of Foes,5,8,7,16,5,14,Not legendary
619,stone-giant,7,giant,Huge,17,126,-,neutral,Monster Manual (SRD),10,12,9,23,15,20,Not legendary
620,stone-giant-dreamwalker,10,giant (stone giant),Huge,18,161,-,chaotic neutral,Volo's Guide to Monsters,10,8,12,23,14,21,Not legendary
621,stone-golem,10,construct,Large,17,178,-,unaligned,Monster Manual (SRD),3,11,1,22,9,20,Not legendary
622,stone-juggernaut,12,construct,Large,15,157,-,unaligned,Adventures (Tomb of Annihilation),2,11,3,22,1,21,Not legendary
623,storm-giant,13,giant,Huge,16,230,swim,chaotic good,Monster Manual (SRD),16,18,18,29,14,20,Not legendary
624,storm-giant-quintessent,16,giant (storm giant),Huge,12,230,"fly, swim",chaotic good,Volo's Guide to Monsters,17,20,19,29,14,20,Not legendary
625,strahd-von-zarovich,15,undead (shapechanger),Medium,16,144,-,lawful evil,Adventures (Curse of Strahd),20,15,18,18,18,18,Not legendary
626,su-monster,1,monstrosity,Medium,12,27,-,chaotic evil,Adventures (Tomb of Annihilation),9,13,9,14,15,12,Not legendary
627,succubus,4,fiend (shapechanger),Medium,15,66,fly,neutral evil,Monster Manual (SRD),15,12,20,8,17,13,Not legendary
628,summer-eladrin,10,fey (elf),Medium,19,127,-,chaotic neutral,Mordenkainen's Tome of Foes,14,12,18,19,21,16,Not legendary
629,swarm-of-bats,1/4,swarm of Tiny beasts,Medium,12,22,fly,unaligned,Monster Manual (SRD),2,12,4,5,15,10,Not legendary
630,swarm-of-cranium-rats,5,swarm of Tiny beasts,Medium,12,36,-,lawful evil,Volo's Guide to Monsters,15,11,14,9,14,10,Not legendary
631,swarm-of-insects,1/2,swarm of Tiny beasts,Medium,12,22,-,unaligned,Monster Manual (SRD),1,7,1,3,13,10,Not legendary
632,swarm-of-poisonous-snakes,2,swarm of Tiny beasts,Medium,14,36,swim,unaligned,Monster Manual (SRD),1,10,3,8,18,11,Not legendary
633,swarm-of-quippers,1,swarm of Tiny beasts,Medium,13,28,swim,unaligned,Monster Manual (SRD),1,7,2,13,16,9,Not legendary
634,swarm-of-rats,1/4,swarm of Tiny beasts,Medium,10,24,-,unaligned,Monster Manual (SRD),2,10,3,9,11,9,Not legendary
635,swarm-of-ravens,1/4,swarm of Tiny beasts,Medium,12,24,fly,unaligned,Monster Manual (SRD),3,12,6,6,14,8,Not legendary
636,swarm-of-rot-grubs,1/2,swarm of Tiny beasts,Medium,8,22,-,unaligned,Volo's Guide to Monsters,1,2,1,2,7,10,Not legendary
637,swashbuckler,3,humanoid (any race),Medium,17,66,-,any non-lawful alignment,Volo's Guide to Monsters,14,11,15,12,18,12,Not legendary
638,sword-wraith-commander,8,undead,Medium,18,127,-,lawful evil,Mordenkainen's Tome of Foes,11,12,14,18,14,18,Not legendary
639,sword-wraith-warrior,3,undead,Medium,16,45,-,lawful evil,Mordenkainen's Tome of Foes,6,9,10,18,12,17,Not legendary
640,tabaxi-hunter,1,humanoid (tabaxi),Medium,14,40,-,chaotic good,Adventures (Tomb of Annihilation),13,14,15,10,17,11,Not legendary
641,tabaxi-minstrel,1/4,humanoid (tabaxi),Medium,12,22,-,chaotic good,Adventures (Tomb of Annihilation),14,12,16,10,15,11,Not legendary
642,tanarukk,5,"fiend (demon, orc)",Medium,14,95,-,chaotic evil,Volo's Guide to Monsters,9,9,9,18,13,20,Not legendary
643,tarrasque,30,monstrosity (titan),Gargantuan,25,676,-,unaligned,Monster Manual (SRD),3,11,11,30,11,30,Legendary
644,the-angry,13,monstrosity,Medium,18,255,-,neutral evil,Mordenkainen's Tome of Foes,8,13,6,17,10,19,Not legendary
645,the-hungry,11,monstrosity,Medium,17,225,-,neutral evil,Mordenkainen's Tome of Foes,6,11,6,19,10,17,Not legendary
646,the-lonely,9,monstrosity,Medium,16,112,-,neutral evil,Mordenkainen's Tome of Foes,6,11,6,16,12,17,Not legendary
647,the-lost,7,monstrosity,Medium,15,78,-,neutral evil,Mordenkainen's Tome of Foes,6,7,5,17,12,15,Not legendary
648,the-wretched,1/4,monstrosity,Small,15,10,-,neutral evil,Mordenkainen's Tome of Foes,5,6,5,7,12,9,Not legendary
649,thorny,1,plant,Medium,14,27,-,neutral,Volo's Guide to Monsters,2,10,6,13,12,13,Not legendary
650,thri-kreen,1,humanoid (thri-kreen),Medium,15,33,-,chaotic neutral,Monster Manual,8,12,7,12,15,13,Not legendary
651,thug,1/2,humanoid (any race),Medium,11,32,-,any non-good alignment,Monster Manual (SRD),10,10,11,15,11,14,Not legendary
652,tiamat,30,fiend,Gargantuan,25,615,fly,chaotic evil,Adventures (Tyranny of Dragons),26,26,28,30,10,30,Not legendary
653,tiger,1,beast,Large,12,37,-,unaligned,Monster Manual (SRD),3,12,8,17,15,14,Not legendary
654,titivilus,16,fiend (devil),Medium,20,127,fly,lawful evil,Mordenkainen's Tome of Foes,24,22,26,19,22,17,Not legendary
655,tlincalli,5,monstrosity,Large,15,85,-,neutral evil,Volo's Guide to Monsters,8,12,8,16,13,16,Not legendary
656,tortle,1/4,humanoid (tortle),Medium,17,22,-,lawful good,Mordenkainen's Tome of Foes,11,13,12,15,10,12,Not legendary
657,tortle-druid,2,humanoid (tortle),Medium,17,33,-,lawful neutral,Mordenkainen's Tome of Foes,11,15,12,14,10,12,Not legendary
658,transmuter,5,humanoid (any race),Medium,12,40,-,any alignment,Volo's Guide to Monsters,17,12,11,9,14,11,Not legendary
659,trapper,3,monstrosity,Large,13,85,-,unaligned,Volo's Guide to Monsters,2,13,4,17,10,17,Not legendary
660,treant,9,plant,Huge,16,138,-,chaotic good,Monster Manual (SRD),12,16,12,23,8,21,Not legendary
661,tri-flower-frond,1/2,plant,Medium,10,11,-,unaligned,Adventures (Tomb of Annihilation),1,10,1,1,10,12,Not legendary
662,tribal-warrior,1/8,humanoid (any race),Medium,12,11,-,any alignment,Monster Manual (SRD),8,11,8,13,11,12,Not legendary
663,triceratops,5,beast,Huge,13,95,-,unaligned,Monster Manual (SRD),2,11,5,22,9,17,Not legendary
664,tridrone,1/2,construct,Medium,15,16,-,lawful neutral,Monster Manual,9,10,9,12,13,12,Not legendary
665,troglodyte,1/4,humanoid (troglodyte),Medium,11,13,-,chaotic evil,Monster Manual (BR),6,10,6,14,10,14,Not legendary
666,troll,5,giant,Large,15,84,-,chaotic evil,Monster Manual (SRD),7,9,7,18,13,20,Not legendary
667,twig-blight,1/8,plant,Small,13,4,-,neutral evil,Monster Manual (SRD),4,8,3,6,13,12,Not legendary
668,tyrannosaurus-rex,8,beast,Huge,13,136,-,unaligned,Monster Manual (SRD),2,12,9,25,10,19,Not legendary
669,ulitharid,9,aberration,Large,15,127,-,lawful evil,Volo's Guide to Monsters,21,19,21,15,12,15,Not legendary
670,ultroloth,13,fiend (yugoloth),Medium,19,153,fly,neutral evil,Monster Manual,18,15,19,16,16,18,Not legendary
671,umber-hulk,5,monstrosity,Large,18,93,-,chaotic evil,Monster Manual (BR),9,10,10,20,13,16,Not legendary
672,unicorn,5,celestial,Large,12,67,-,lawful good,Monster Manual (SRD),11,17,16,18,14,15,Legendary
673,uthgardt-shaman,2,humanoid (human),Medium,13,38,-,neutral evil,Adventures (Storm King's Thunder),10,15,12,14,12,13,Not legendary
674,vajra-safahr,13,humanoid (human),Medium,14,126,-,lawful neutral,Adventures (Dragon Heist),20,11,16,10,14,12,Not legendary
675,vampire,13,undead (shapechanger),Medium,16,144,-,lawful evil,Monster Manual (SRD),17,15,18,18,18,18,Legendary
676,vampire-spawn,5,undead,Medium,15,82,-,neutral evil,Monster Manual (SRD),11,10,12,16,16,16,Not legendary
677,vampiric-mist,3,undead,Medium,13,30,fly,chaotic evil,Mordenkainen's Tome of Foes,6,12,7,6,16,16,Not legendary
678,vargouille,1,fiend,Tiny,12,13,fly,chaotic evil,Volo's Guide to Monsters,4,7,2,6,14,14,Not legendary
679,vegepygmy,1/4,plant,Small,13,9,-,neutral,Volo's Guide to Monsters,6,11,7,7,14,13,Not legendary
680,vegepygmy-chief,2,plant,Small,14,33,-,neutral,Volo's Guide to Monsters,7,12,9,14,14,14,Not legendary
681,velociraptor,1/4,beast,Tiny,13,10,-,unaligned,Volo's Guide to Monsters,4,12,6,6,14,13,Not legendary
682,venerable-shadow,2,undead,Medium,13,27,-,chaotic evil,Extra (AideDD),6,12,10,6,16,13,Not legendary
683,venom-troll,7,giant,Large,15,94,-,chaotic evil,Mordenkainen's Tome of Foes,7,9,7,18,13,20,Not legendary
684,veteran,3,humanoid (any race),Medium,17,58,-,any alignment,Monster Manual (SRD),10,11,10,16,13,14,Not legendary
685,vine-blight,1/2,plant,Medium,12,26,-,neutral evil,Monster Manual,5,10,3,15,8,14,Not legendary
686,violet-fungus,1/4,plant,Medium,5,18,-,unaligned,Monster Manual (SRD),1,3,1,3,1,10,Not legendary
687,vrock,6,fiend (demon),Large,15,104,fly,chaotic evil,Monster Manual (SRD),8,13,8,17,15,18,Not legendary
688,vulture,0,beast,Medium,10,5,fly,unaligned,Monster Manual (SRD),2,12,4,7,10,13,Not legendary
689,war-priest,9,humanoid (any race),Medium,18,117,-,any alignment,Volo's Guide to Monsters,11,17,13,16,10,14,Not legendary
690,warhorse,1/2,beast,Large,11,19,-,unaligned,Monster Manual (SRD),2,12,7,18,12,13,Not legendary
691,warhorse-skeleton,1/2,undead,Large,13,22,-,lawful evil,Monster Manual (SRD),2,8,5,18,12,15,Not legendary
692,warlock-of-the-archfey,4,humanoid (any race),Medium,11,49,-,any alignment,Volo's Guide to Monsters,11,12,18,9,13,11,Not legendary
693,warlock-of-the-fiend,7,humanoid (any race),Medium,12,78,-,any alignment,Volo's Guide to Monsters,12,12,18,10,14,15,Not legendary
694,warlock-of-the-great-old-one,6,humanoid (any race),Medium,12,91,-,any alignment,Volo's Guide to Monsters,12,12,18,9,14,15,Not legendary
695,warlord,12,humanoid (any race),Medium,18,229,-,any alignment,Volo's Guide to Monsters,12,12,18,20,16,18,Legendary
696,warrior-lvl-1,0,humanoid (any race),Medium,16,13,-,any alignment,Essentials Kit,10,12,10,15,13,14,Not legendary
697,warrior-lvl-2,0,humanoid (any race),Medium,16,19,-,any alignment,Essentials Kit,10,12,10,15,13,14,Not legendary
698,warrior-lvl-3,0,humanoid (any race),Medium,16,26,-,any alignment,Essentials Kit,10,12,10,15,13,14,Not legendary
699,warrior-lvl-4,0,humanoid (any race),Medium,16,32,-,any alignment,Essentials Kit,10,12,10,17,13,14,Not legendary
700,warrior-lvl-5,0,humanoid (any race),Medium,16,39,-,any alignment,Essentials Kit,10,12,10,17,13,14,Not legendary
701,warrior-lvl-6,0,humanoid (any race),Medium,16,45,-,any alignment,Essentials Kit,10,12,10,17,13,14,Not legendary
702,wastrilith,13,fiend (demon),Large,18,157,swim,chaotic evil,Mordenkainen's Tome of Foes,19,12,14,19,18,21,Not legendary
703,water-elemental,5,elemental,Large,14,114,swim,neutral,Monster Manual (SRD),5,10,8,18,14,18,Not legendary
704,water-elemental-myrmidon,7,elemental,Medium,18,127,swim,neutral,Mordenkainen's Tome of Foes,8,10,10,18,14,15,Not legendary
705,water-weird,3,elemental,Large,13,58,swim,neutral,Monster Manual (BR),11,10,10,17,16,13,Not legendary
706,weasel,0,beast,Tiny,13,1,-,unaligned,Monster Manual (SRD),2,12,3,3,16,8,Not legendary
707,werebear,5,"humanoid (human, shapechanger)",Medium,10,135,-,neutral good,Monster Manual (SRD),11,12,12,19,10,17,Not legendary
708,wereboar,4,"humanoid (human, shapechanger)",Medium,10,78,-,neutral evil,Monster Manual (SRD),10,11,8,17,10,15,Not legendary
709,wererat,2,"humanoid (human, shapechanger)",Medium,12,33,-,lawful evil,Monster Manual (SRD),11,10,8,10,15,12,Not legendary
710,weretiger,4,"humanoid (human, shapechanger)",Medium,12,120,-,neutral,Monster Manual (SRD),10,13,11,17,15,16,Not legendary
711,werewolf,3,"humanoid (human, shapechanger)",Medium,11,58,-,chaotic evil,Monster Manual (SRD),10,11,10,15,13,14,Not legendary
712,white-abishai,6,fiend (devil),Medium,15,68,fly,lawful evil,Mordenkainen's Tome of Foes,11,12,13,16,11,18,Not legendary
713,white-dragon-wyrmling,2,dragon,Medium,16,32,"fly, swim",chaotic evil,Monster Manual (SRD),5,10,11,14,10,14,Not legendary
714,wight,3,undead,Medium,14,45,-,neutral evil,Monster Manual (SRD),10,13,15,15,14,16,Not legendary
715,wild-dog,1/8,beast,Medium,12,5,-,unaligned,Extra (Adventurers League),3,12,7,13,14,12,Not legendary
716,wild-dog-alpha,1,beast,Large,12,26,-,unaligned,Extra (Adventurers League),3,12,8,17,15,13,Not legendary
717,will-o--wisp,2,undead,Tiny,19,22,fly,chaotic evil,Monster Manual (SRD),13,14,11,1,28,10,Not legendary
718,winged-kobold,1/4,humanoid (kobold),Small,13,7,fly,lawful evil,Monster Manual (BR),8,7,8,7,16,9,Not legendary
719,winter-eladrin,10,fey (elf),Medium,19,127,-,chaotic neutral,Mordenkainen's Tome of Foes,18,17,13,11,10,16,Not legendary
720,winter-wolf,3,monstrosity,Large,13,75,-,neutral evil,Monster Manual (SRD),7,12,8,18,13,14,Not legendary
721,wolf,1/4,beast,Medium,13,11,-,unaligned,Monster Manual (SRD),3,12,6,12,15,12,Not legendary
722,wood-woad,5,plant,Medium,18,75,-,lawful neutral,Volo's Guide to Monsters,10,13,8,18,12,16,Not legendary
723,worg,1/2,monstrosity,Large,13,26,-,neutral evil,Monster Manual (SRD),7,11,8,16,13,13,Not legendary
724,wraith,5,undead,Medium,13,67,fly,neutral evil,Monster Manual (SRD),12,14,15,6,16,16,Not legendary
725,wyvern,6,dragon,Large,13,110,fly,unaligned,Monster Manual (SRD),5,12,6,19,10,16,Not legendary
726,xorn,5,elemental,Medium,19,73,-,neutral,Monster Manual (SRD),11,10,11,17,10,22,Not legendary
727,xvart,1/8,humanoid (xvart),Small,13,7,-,chaotic evil,Volo's Guide to Monsters,8,7,7,8,14,10,Not legendary
728,xvart-warlock-of-raxivort,1,humanoid (xvart),Small,12,22,-,chaotic evil,Volo's Guide to Monsters,8,11,12,8,14,12,Not legendary
729,yagnoloth,11,fiend (yugoloth),Large,17,147,-,neutral evil,Mordenkainen's Tome of Foes,16,15,18,19,14,21,Not legendary
730,yan-c-bin,18,elemental,Huge,22,283,fly,neutral evil,Adventures (Princes of the Apocalypse),16,21,23,18,24,24,Not legendary
731,yeenoghu,24,fiend (demon),Huge,20,333,-,chaotic evil,Mordenkainen's Tome of Foes,15,24,15,29,16,23,Not legendary
732,yellow-musk-creeper,2,plant,Medium,6,60,-,unaligned,Adventures (Tomb of Annihilation),1,10,3,12,3,12,Not legendary
733,yellow-musk-zombie,1/4,undead,Medium,9,33,-,unaligned,Adventures (Tomb of Annihilation),1,6,3,13,9,12,Not legendary
734,yeth-hound,4,fey,Large,14,51,fly,neutral evil,Volo's Guide to Monsters,5,12,7,18,17,16,Not legendary
735,yeti,3,monstrosity,Large,12,51,-,chaotic evil,Monster Manual (SRD),8,12,7,18,13,16,Not legendary
736,yochlol,10,"fiend (demon, shapechanger)",Medium,15,136,-,chaotic evil,Monster Manual,13,15,15,15,14,18,Not legendary
737,young-black-dragon,7,dragon,Large,18,127,"fly, swim",chaotic evil,Monster Manual (SRD),12,11,15,19,14,17,Not legendary
738,young-blue-dragon,9,dragon,Large,18,152,fly,lawful evil,Monster Manual (SRD),14,13,17,21,10,19,Not legendary
739,young-brass-dragon,6,dragon,Large,17,110,fly,chaotic good,Monster Manual (SRD),12,11,15,19,10,17,Not legendary
740,young-bronze-dragon,8,dragon,Large,18,142,"fly, swim",lawful good,Monster Manual (SRD),14,13,17,21,10,19,Not legendary
741,young-copper-dragon,7,dragon,Large,17,119,fly,chaotic good,Monster Manual (SRD),16,13,15,19,12,17,Not legendary
742,young-gold-dragon,10,dragon,Large,18,178,"fly, swim",lawful good,Monster Manual (SRD),16,13,20,23,14,21,Not legendary
743,young-green-dragon,8,dragon,Large,18,136,"fly, swim",lawful evil,Monster Manual (SRD),16,13,15,19,12,17,Not legendary
744,young-kruthik,1/8,monstrosity,Small,16,9,-,unaligned,Mordenkainen's Tome of Foes,4,10,6,13,16,13,Not legendary
745,young-red-dragon,10,dragon,Large,18,178,fly,chaotic evil,Monster Manual (SRD),14,11,19,23,10,21,Not legendary
746,young-red-shadow-dragon,13,dragon,Large,18,178,fly,chaotic evil,Monster Manual,14,11,19,23,10,21,Not legendary
747,young-remorhaz,5,monstrosity,Large,14,93,-,unaligned,Monster Manual,3,10,4,18,13,17,Not legendary
748,young-silver-dragon,9,dragon,Large,18,168,fly,lawful good,Monster Manual (SRD),14,11,19,23,10,21,Not legendary
749,young-white-dragon,6,dragon,Large,17,133,"fly, swim",chaotic evil,Monster Manual (SRD),6,11,12,18,10,18,Not legendary
750,yuan-ti-abomination,7,"monstrosity (shapechanger, yuan-ti)",Large,15,127,-,neutral evil,Monster Manual (BR),17,15,18,19,16,17,Not legendary
751,yuan-ti-anathema,12,"monstrosity (shapechanger, yuan-ti)",Huge,16,189,swim,neutral evil,Volo's Guide to Monsters,19,17,20,23,13,19,Not legendary
752,yuan-ti-broodguard,2,humanoid (yuan-ti),Medium,14,45,-,neutral evil,Volo's Guide to Monsters,6,11,4,15,14,14,Not legendary
753,yuan-ti-malison,3,"monstrosity (shapechanger, yuan-ti)",Medium,12,66,-,neutral evil,Monster Manual (BR),14,12,16,16,14,13,Not legendary
754,yuan-ti-mind-whisperer,4,"monstrosity (shapechanger, yuan-ti)",Medium,14,71,-,neutral evil,Volo's Guide to Monsters,14,14,16,16,14,13,Not legendary
755,yuan-ti-nightmare-speaker,4,"monstrosity (shapechanger, yuan-ti)",Medium,14,71,-,neutral evil,Volo's Guide to Monsters,14,12,16,16,14,13,Not legendary
756,yuan-ti-pit-master,5,"monstrosity (shapechanger, yuan-ti)",Medium,14,88,-,neutral evil,Volo's Guide to Monsters,14,12,16,16,14,13,Not legendary
757,yuan-ti-pureblood,1,humanoid (yuan-ti),Medium,11,40,-,neutral evil,Monster Manual (BR),13,12,14,11,12,11,Not legendary
758,zaratan,22,elemental,Gargantuan,21,307,swim,neutral,Mordenkainen's Tome of Foes,2,21,18,30,10,30,Not legendary
759,zariel,26,fiend (devil),Large,21,580,fly,lawful evil,Mordenkainen's Tome of Foes,26,27,30,27,24,28,Legendary
760,zombie,1/4,undead,Medium,8,22,-,neutral evil,Monster Manual (SRD),3,6,5,13,6,16,Not legendary
761,zuggtmoy,23,fiend (demon),Large,18,304,-,chaotic evil,Mordenkainen's Tome of Foes,20,19,24,22,15,18,Not legendary
